casistica;descrizione_casistica;cosa_fare;url_prodotto;title;categorie_assegnate;primaria_attuale_in_yoast;primaria_da_impostare;percorso_finale_atteso;url_primaria_da_impostare;percorso_visibile_oggi;regola_applicata;note
A;A - primaria non impostata (Yoast non stampa nessuna categoria);impostare la categoria primaria;https://www.albalu.it/prodotto/album-portafoto-in-pelle-rossa-con-placca-in-argento-laminato-tocco-e-pergamena-a-tema-laurea/;Album in Pelle Rossa Laurea con Placca in Argento Laminato;Idee Regalo Originali e Artigianali;(nessuna);Idee Regalo Originali e Artigianali;Complementi d’arredo e idee regalo artigianali > Idee Regalo Originali e Artigianali;https://www.albalu.it/categoria-prodotto/complementi-d-arredo-regali/regali/;Complementi d’arredo e idee regalo artigianali > Idee Regalo Originali e Artigianali;nessun evento -> tema/tipologia/altro;
A;A - primaria non impostata (Yoast non stampa nessuna categoria);impostare la categoria primaria;https://www.albalu.it/prodotto/applicazione-laurea-gufo-per-confettata-in-resina-da-appoggio/;Applicazione Laurea Gufo per Confettata da appoggio;Confettate Segnaposto per Laurea;(nessuna);Confettate Segnaposto per Laurea;Bomboniere e Confettate Laurea > Confettate Segnaposto per Laurea;https://www.albalu.it/categoria-prodotto/bomboniere-e-confettate-laurea/laurea-confettate-segnaposto/;Confettate Segnaposto per Laurea;evento singolo (Laurea) -> categoria evento;
A;A - primaria non impostata (Yoast non stampa nessuna categoria);impostare la categoria primaria;https://www.albalu.it/prodotto/applicazione-laurea-mappamondo-e-libro-per-confettata-in-resina-da-appoggio/;Applicazione Laurea Mappamondo e Libro | Albalù;Confettate Segnaposto per Laurea;(nessuna);Confettate Segnaposto per Laurea;Bomboniere e Confettate Laurea > Confettate Segnaposto per Laurea;https://www.albalu.it/categoria-prodotto/bomboniere-e-confettate-laurea/laurea-confettate-segnaposto/;Confettate Segnaposto per Laurea;evento singolo (Laurea) -> categoria evento;
A;A - primaria non impostata (Yoast non stampa nessuna categoria);impostare la categoria primaria;https://www.albalu.it/prodotto/applicazione-laurea-per-confettata-in-resina-da-appoggio-e-calamita/;Applicazione Laurea Gufetti per Confettata | Albalù;Confettate Segnaposto per Laurea;(nessuna);Confettate Segnaposto per Laurea;Bomboniere e Confettate Laurea > Confettate Segnaposto per Laurea;https://www.albalu.it/categoria-prodotto/bomboniere-e-confettate-laurea/laurea-confettate-segnaposto/;Confettate Segnaposto per Laurea;evento singolo (Laurea) -> categoria evento;
A;A - primaria non impostata (Yoast non stampa nessuna categoria);impostare la categoria primaria;https://www.albalu.it/prodotto/applicazione-laurea-pergamena-e-tocco-per-confettata-in-resina-da-appoggio/;Applicazione Laurea Pergamena e Tocco | Albalù;Confettate Segnaposto per Laurea;(nessuna);Confettate Segnaposto per Laurea;Bomboniere e Confettate Laurea > Confettate Segnaposto per Laurea;https://www.albalu.it/categoria-prodotto/bomboniere-e-confettate-laurea/laurea-confettate-segnaposto/;Confettate Segnaposto per Laurea;evento singolo (Laurea) -> categoria evento;
A;A - primaria non impostata (Yoast non stampa nessuna categoria);impostare la categoria primaria;https://www.albalu.it/prodotto/barattolino-portaconfetti-in-vetro-con-tappo-in-sughero-e-applicazione-goccia-in-cristallo/;Barattolino Laurea con Goccia Cristallo | Albalù;Confettate Segnaposto per Laurea;(nessuna);Confettate Segnaposto per Laurea;Bomboniere e Confettate Laurea > Confettate Segnaposto per Laurea;https://www.albalu.it/categoria-prodotto/bomboniere-e-confettate-laurea/laurea-confettate-segnaposto/;Confettate Segnaposto per Laurea;evento singolo (Laurea) -> categoria evento;
A;A - primaria non impostata (Yoast non stampa nessuna categoria);impostare la categoria primaria;https://www.albalu.it/prodotto/bomboniera-battesimo-albero-della-vita-unicorno/;Bomboniera Battesimo Albero della Vita Unicorno | Albalù;Bomboniere Battesimo Personalizzate;(nessuna);Bomboniere Battesimo Personalizzate;Bomboniere e Confettate Nascita e Battesimo > Bomboniere Battesimo Personalizzate;https://www.albalu.it/categoria-prodotto/bomboniere-e-confettate-nascita-battesimo/bomboniere-nascita-e-battesimo/;Bomboniere Battesimo Personalizzate;evento singolo (Battesimo) -> categoria evento;
A;A - primaria non impostata (Yoast non stampa nessuna categoria);impostare la categoria primaria;https://www.albalu.it/prodotto/bomboniera-battesimo-carillon-musicale-orso-a-dondolo-in-resina/;Bomboniera Battesimo Carillon Musicale Orso a Dondolo;Bomboniere Compleanno | Bomboniere Battesimo Personalizzate | Bomboniere tema animali per ogni occasione;(nessuna);Bomboniere tema animali per ogni occasione;Bomboniere per tema > Bomboniere tema animali per ogni occasione;https://www.albalu.it/categoria-prodotto/bomboniere-per-tema/bomboniere-tema-animali/;Bomboniere per tema > Bomboniere tema animali per ogni occasione;multievento (Battesimo, Compleanno) -> tema/tipologia;
A;A - primaria non impostata (Yoast non stampa nessuna categoria);impostare la categoria primaria;https://www.albalu.it/prodotto/bomboniera-battesimo-orologio-angelo-sagomato/;Bomboniera Battesimo Orologio Angelo | Albalù;Bomboniere Battesimo Personalizzate | Bomboniere Religiose e Sacre;(nessuna);Bomboniere Battesimo Personalizzate;Bomboniere e Confettate Nascita e Battesimo > Bomboniere Battesimo Personalizzate;https://www.albalu.it/categoria-prodotto/bomboniere-e-confettate-nascita-battesimo/bomboniere-nascita-e-battesimo/;Bomboniere per tema > Bomboniere Religiose e Sacre;evento singolo (Battesimo) -> categoria evento;
A;A - primaria non impostata (Yoast non stampa nessuna categoria);impostare la categoria primaria;https://www.albalu.it/prodotto/bomboniera-battesimo-piantina-grassa-vasetto-personalizzabile/;Bomboniera Battesimo Piantina Grassa Vasetto Personalizzabile;Bomboniere Battesimo Bimba | Bomboniere Battesimo Maschio | Bomboniere Battesimo Personalizzate | Bomboniere Piante Grasse Personalizzabili;(nessuna);Bomboniere Battesimo Bimba;Bomboniere e Confettate Nascita e Battesimo > Bomboniere Battesimo Bimba;https://www.albalu.it/categoria-prodotto/bomboniere-e-confettate-nascita-battesimo/bomboniere-battesimo-bimba/;Bomboniere per Tipologia: Portafoto, Profumatori, Orologi > Bomboniere con Piante Grasse Vere Confezionate;evento singolo (Battesimo) -> categoria evento;
A;A - primaria non impostata (Yoast non stampa nessuna categoria);impostare la categoria primaria;https://www.albalu.it/prodotto/bomboniera-bilancia-digitale-con-decoro-fiori-scatola-inclusa/;Bomboniera Bilancia digitale Con Decoro Fiori e Inclusa;Bomboniere Anniversario di Matrimonio Utili e Personalizzate | Bomboniere Matrimonio Eleganti, Utili e Originali;(nessuna);Bomboniere Anniversario di Matrimonio Utili e Personalizzate;Bomboniere e Confettate Anniversario > Bomboniere Anniversario di Matrimonio Utili e Personalizzate;https://www.albalu.it/categoria-prodotto/bomboniere-e-confettate-anniversario/bomboniere-anniversario-matrimonio/;Bomboniere Anniversario di Matrimonio Utili e Personalizzate;multievento (Anniversario, Matrimonio) -> tema/tipologia;multievento senza categoria tema/tipologia assegnata: valutare di assegnarne una
A;A - primaria non impostata (Yoast non stampa nessuna categoria);impostare la categoria primaria;https://www.albalu.it/prodotto/bomboniera-carillon-musicale-girevole-in-porcellana-scatola-inclusa/;Bomboniera Carillon Musicale Girevole in Porcellana;Bomboniere Battesimo Personalizzate | Idee Regalo Originali e Artigianali;(nessuna);Bomboniere Battesimo Personalizzate;Bomboniere e Confettate Nascita e Battesimo > Bomboniere Battesimo Personalizzate;https://www.albalu.it/categoria-prodotto/bomboniere-e-confettate-nascita-battesimo/bomboniere-nascita-e-battesimo/;Complementi d’arredo e idee regalo artigianali > Idee Regalo Originali e Artigianali;evento singolo (Battesimo) -> categoria evento;
A;A - primaria non impostata (Yoast non stampa nessuna categoria);impostare la categoria primaria;https://www.albalu.it/prodotto/bomboniera-compleanno-croce-tau-sacra-famiglia-in-legno/;Bomboniera Compleanno Croce Tau Sacra Famiglia in Legno;Bomboniere Compleanno;(nessuna);Bomboniere Compleanno;Bomboniere e Confettate Compleanno > Bomboniere Compleanno;https://www.albalu.it/categoria-prodotto/bomboniere-e-confettate-compleanno/bomboniere-compleanno-personalizzate/;Bomboniere Compleanno;evento singolo (Compleanno) -> categoria evento;
A;A - primaria non impostata (Yoast non stampa nessuna categoria);impostare la categoria primaria;https://www.albalu.it/prodotto/bomboniera-confettata-laurea-tubetto-portaconfetti-in-vetro-con-gufetto-resina-tema-laurea/;Bomboniera Confettata Laurea Tubetto Portaconfetti con Gufo;Confettate Segnaposto per Laurea;(nessuna);Confettate Segnaposto per Laurea;Bomboniere e Confettate Laurea > Confettate Segnaposto per Laurea;https://www.albalu.it/categoria-prodotto/bomboniere-e-confettate-laurea/laurea-confettate-segnaposto/;Confettate Segnaposto per Laurea;evento singolo (Laurea) -> categoria evento;
A;A - primaria non impostata (Yoast non stampa nessuna categoria);impostare la categoria primaria;https://www.albalu.it/prodotto/bomboniera-cresima-carillon-albero-della-vita-con-icona-cuore-mitra/;Bomboniera Cresima Carillon Albero della Vita;Bomboniere Cresima Personalizzate, Utili e Moderne | Bomboniere Religiose e Sacre;(nessuna);Bomboniere Cresima Personalizzate, Utili e Moderne;Bomboniere e Confettate Cresima > Bomboniere Cresima Personalizzate, Utili e Moderne;https://www.albalu.it/categoria-prodotto/bomboniere-e-confettate-cresima/bomboniere-cresima/;Bomboniere per tema > Bomboniere Religiose e Sacre;evento singolo (Cresima) -> categoria evento;
A;A - primaria non impostata (Yoast non stampa nessuna categoria);impostare la categoria primaria;https://www.albalu.it/prodotto/bomboniera-cresima-icona-sacra-placca-in-argento-laminato-mitra-vescovo/;Bomboniera Cresima Mitra Vescovo | Albalù;Bomboniere Cresima Personalizzate, Utili e Moderne | Bomboniere Religiose e Sacre;(nessuna);Bomboniere Cresima Personalizzate, Utili e Moderne;Bomboniere e Confettate Cresima > Bomboniere Cresima Personalizzate, Utili e Moderne;https://www.albalu.it/categoria-prodotto/bomboniere-e-confettate-cresima/bomboniere-cresima/;Bomboniere per tema > Bomboniere Religiose e Sacre;evento singolo (Cresima) -> categoria evento;
A;A - primaria non impostata (Yoast non stampa nessuna categoria);impostare la categoria primaria;https://www.albalu.it/prodotto/bomboniera-cresima-piantina-grassa-vasetto-personalizzabile/;Bomboniera Cresima Piantina Grassa Vasetto Personalizzabile;Bomboniere Cresima Personalizzate, Utili e Moderne | Bomboniere Piante Grasse Personalizzabili;(nessuna);Bomboniere Cresima Personalizzate, Utili e Moderne;Bomboniere e Confettate Cresima > Bomboniere Cresima Personalizzate, Utili e Moderne;https://www.albalu.it/categoria-prodotto/bomboniere-e-confettate-cresima/bomboniere-cresima/;Bomboniere per Tipologia: Portafoto, Profumatori, Orologi > Bomboniere con Piante Grasse Vere Confezionate;evento singolo (Cresima) -> categoria evento;
A;A - primaria non impostata (Yoast non stampa nessuna categoria);impostare la categoria primaria;https://www.albalu.it/prodotto/bomboniera-cresima-profumatore-albero-della-vita-in-legno-con-applicazione/;Bomboniera Cresima Profumatore Albero della Vita in Legno;Bomboniere Cresima Personalizzate, Utili e Moderne | Bomboniere Profumatori Ambienti Personalizzati;(nessuna);Bomboniere Cresima Personalizzate, Utili e Moderne;Bomboniere e Confettate Cresima > Bomboniere Cresima Personalizzate, Utili e Moderne;https://www.albalu.it/categoria-prodotto/bomboniere-e-confettate-cresima/bomboniere-cresima/;Bomboniere per Tipologia: Portafoto, Profumatori, Orologi > Bomboniere Profumatori Ambienti Personalizzati;evento singolo (Cresima) -> categoria evento;
A;A - primaria non impostata (Yoast non stampa nessuna categoria);impostare la categoria primaria;https://www.albalu.it/prodotto/bomboniera-giostrina-in-legno-con-coniglietti-colorati-ideale-come-segnaposto-o-mini-bomboniera/;Bomboniera Giostrina in Legno Nascita e Battesimo;Bomboniere Battesimo Personalizzate;(nessuna);Bomboniere Battesimo Personalizzate;Bomboniere e Confettate Nascita e Battesimo > Bomboniere Battesimo Personalizzate;https://www.albalu.it/categoria-prodotto/bomboniere-e-confettate-nascita-battesimo/bomboniere-nascita-e-battesimo/;Bomboniere Battesimo Personalizzate;evento singolo (Battesimo) -> categoria evento;
A;A - primaria non impostata (Yoast non stampa nessuna categoria);impostare la categoria primaria;https://www.albalu.it/prodotto/bomboniera-laurea-lampada-esagonale-cuore/;Bomboniera Laurea Lampada Cuore Personalizzabile | Albalù;Bomboniere Laurea;(nessuna);Bomboniere Laurea;Bomboniere e Confettate Laurea > Bomboniere Laurea;https://www.albalu.it/categoria-prodotto/bomboniere-e-confettate-laurea/bomboniere-laurea/;Bomboniere Laurea;evento singolo (Laurea) -> categoria evento;
A;A - primaria non impostata (Yoast non stampa nessuna categoria);impostare la categoria primaria;https://www.albalu.it/prodotto/bomboniera-laurea-magnete-gufo-e-mappamondo-in-resina/;Magnete Laurea Gufo e Mappamondo | Albalù;Confettate Segnaposto per Laurea;(nessuna);Confettate Segnaposto per Laurea;Bomboniere e Confettate Laurea > Confettate Segnaposto per Laurea;https://www.albalu.it/categoria-prodotto/bomboniere-e-confettate-laurea/laurea-confettate-segnaposto/;Confettate Segnaposto per Laurea;evento singolo (Laurea) -> categoria evento;
A;A - primaria non impostata (Yoast non stampa nessuna categoria);impostare la categoria primaria;https://www.albalu.it/prodotto/bomboniera-laurea-portachiavi-gufo-in-legno-colorati-ideali-come-confettata/;Bomboniera Laurea Portachiavi Gufo in legno Colorati;Confettate Segnaposto per Laurea;(nessuna);Confettate Segnaposto per Laurea;Bomboniere e Confettate Laurea > Confettate Segnaposto per Laurea;https://www.albalu.it/categoria-prodotto/bomboniere-e-confettate-laurea/laurea-confettate-segnaposto/;Confettate Segnaposto per Laurea;evento singolo (Laurea) -> categoria evento;
A;A - primaria non impostata (Yoast non stampa nessuna categoria);impostare la categoria primaria;https://www.albalu.it/prodotto/bomboniera-laurea-profumatore-gufo-la-mia-laurea/;Profumatore Laurea Gufo in Vetro | Albalù;Bomboniere Laurea;(nessuna);Bomboniere Laurea;Bomboniere e Confettate Laurea > Bomboniere Laurea;https://www.albalu.it/categoria-prodotto/bomboniere-e-confettate-laurea/bomboniere-laurea/;Bomboniere Laurea;evento singolo (Laurea) -> categoria evento;
A;A - primaria non impostata (Yoast non stampa nessuna categoria);impostare la categoria primaria;https://www.albalu.it/prodotto/bomboniera-matrimonio-portafoto-clip-sposi-in-resina-decorata/;Bomboniera Matrimonio portafoto Clip Sposi Decorata;Bomboniere Matrimonio Eleganti, Utili e Originali | Segnaposto e Confettata Matrimonio Personalizzati;(nessuna);Bomboniere Matrimonio Eleganti, Utili e Originali;Bomboniere e Confettate Matrimonio > Bomboniere Matrimonio Eleganti, Utili e Originali;https://www.albalu.it/categoria-prodotto/bomboniere-e-confettate-matrimonio/bomboniere-matrimonio/;Bomboniere Matrimonio Eleganti, Utili e Originali;evento singolo (Matrimonio) -> categoria evento;
A;A - primaria non impostata (Yoast non stampa nessuna categoria);impostare la categoria primaria;https://www.albalu.it/prodotto/bomboniera-orologio-cane-in-legno-verniciato-bimbo-rosa-o-celeste-made-in-italy/;Bomboniera Battesimo Orologio Cane Bimbo Rosa o Celeste;Bomboniere Compleanno | Bomboniere Battesimo Personalizzate | Bomboniere tema animali per ogni occasione | Complementi d’arredo e idee regalo artigianali;(nessuna);Bomboniere tema animali per ogni occasione;Bomboniere per tema > Bomboniere tema animali per ogni occasione;https://www.albalu.it/categoria-prodotto/bomboniere-per-tema/bomboniere-tema-animali/;Bomboniere per tema > Bomboniere tema animali per ogni occasione;multievento (Battesimo, Compleanno) -> tema/tipologia;
A;A - primaria non impostata (Yoast non stampa nessuna categoria);impostare la categoria primaria;https://www.albalu.it/prodotto/bomboniera-orologio-coppia-sposi-matrimonio-sagomato-bianco-in-legno/;Bomboniera Orologio Coppia Sposi Matrimonio Bianco in Legno;Bomboniere Anniversario di Matrimonio Utili e Personalizzate | Bomboniere Matrimonio Eleganti, Utili e Originali;(nessuna);Bomboniere Anniversario di Matrimonio Utili e Personalizzate;Bomboniere e Confettate Anniversario > Bomboniere Anniversario di Matrimonio Utili e Personalizzate;https://www.albalu.it/categoria-prodotto/bomboniere-e-confettate-anniversario/bomboniere-anniversario-matrimonio/;Bomboniere Anniversario di Matrimonio Utili e Personalizzate;multievento (Anniversario, Matrimonio) -> tema/tipologia;multievento senza categoria tema/tipologia assegnata: valutare di assegnarne una
A;A - primaria non impostata (Yoast non stampa nessuna categoria);impostare la categoria primaria;https://www.albalu.it/prodotto/bomboniera-orologio-gufo-laurea-in-legno-scatola-inclusa/;Bomboniera Orologio Gufo Laurea in Legno Scatola inclusa;Bomboniere Laurea;(nessuna);Bomboniere Laurea;Bomboniere e Confettate Laurea > Bomboniere Laurea;https://www.albalu.it/categoria-prodotto/bomboniere-e-confettate-laurea/bomboniere-laurea/;Bomboniere Laurea;evento singolo (Laurea) -> categoria evento;
A;A - primaria non impostata (Yoast non stampa nessuna categoria);impostare la categoria primaria;https://www.albalu.it/prodotto/bomboniera-orologio-in-legno-tortora-con-applicazione-cresima-in-resina-colorata/;Bomboniera Orologio Albero della Vita Tortora Cresima;Bomboniere Cresima Personalizzate, Utili e Moderne;(nessuna);Bomboniere Cresima Personalizzate, Utili e Moderne;Bomboniere e Confettate Cresima > Bomboniere Cresima Personalizzate, Utili e Moderne;https://www.albalu.it/categoria-prodotto/bomboniere-e-confettate-cresima/bomboniere-cresima/;Bomboniere Cresima Personalizzate, Utili e Moderne;evento singolo (Cresima) -> categoria evento;
A;A - primaria non impostata (Yoast non stampa nessuna categoria);impostare la categoria primaria;https://www.albalu.it/prodotto/bomboniera-orologio-orsetto-legno-battesimo-made-in-italy/;Bomboniera Orologio Orsetto in Legno Battesimo Bimbo o Bimba;Bomboniere Compleanno | Bomboniere Battesimo Personalizzate | Bomboniere tema animali per ogni occasione | Complementi d’arredo e idee regalo artigianali;(nessuna);Bomboniere tema animali per ogni occasione;Bomboniere per tema > Bomboniere tema animali per ogni occasione;https://www.albalu.it/categoria-prodotto/bomboniere-per-tema/bomboniere-tema-animali/;Bomboniere per tema > Bomboniere tema animali per ogni occasione;multievento (Battesimo, Compleanno) -> tema/tipologia;
A;A - primaria non impostata (Yoast non stampa nessuna categoria);impostare la categoria primaria;https://www.albalu.it/prodotto/bomboniera-orologio-unicorno-da-appoggio-in-legno-verniciato/;Bomboniera Orologio Unicorno da Appoggio in Legno Verniciato;Bomboniere Compleanno | Bomboniere Battesimo Personalizzate | Bomboniere tema animali per ogni occasione | Complementi d’arredo e idee regalo artigianali;(nessuna);Bomboniere tema animali per ogni occasione;Bomboniere per tema > Bomboniere tema animali per ogni occasione;https://www.albalu.it/categoria-prodotto/bomboniere-per-tema/bomboniere-tema-animali/;Bomboniere per tema > Bomboniere tema animali per ogni occasione;multievento (Battesimo, Compleanno) -> tema/tipologia;
A;A - primaria non impostata (Yoast non stampa nessuna categoria);impostare la categoria primaria;https://www.albalu.it/prodotto/bomboniera-pianta-grassa-matrimonio-sacco-juta-e-applicazioni-in-legno/;Bomboniera Pianta Grassa Matrimonio Sacco Juta e Sposi Legno;Bomboniere Matrimonio Eleganti, Utili e Originali | Bomboniere Piante Grasse Personalizzabili | Complementi d’arredo e idee regalo artigianali;(nessuna);Bomboniere Matrimonio Eleganti, Utili e Originali;Bomboniere e Confettate Matrimonio > Bomboniere Matrimonio Eleganti, Utili e Originali;https://www.albalu.it/categoria-prodotto/bomboniere-e-confettate-matrimonio/bomboniere-matrimonio/;Bomboniere per Tipologia: Portafoto, Profumatori, Orologi > Bomboniere con Piante Grasse Vere Confezionate;evento singolo (Matrimonio) -> categoria evento;
A;A - primaria non impostata (Yoast non stampa nessuna categoria);impostare la categoria primaria;https://www.albalu.it/prodotto/bomboniera-piantina-grassa-laurea-con-vasetto-e-decorazioni-sacchetto-in-juta-e-gufo-laurea/;Bomboniera Piantina Grassa Laurea in Juta e Gufo;Bomboniere Laurea | Bomboniere Piante Grasse Personalizzabili;(nessuna);Bomboniere Laurea;Bomboniere e Confettate Laurea > Bomboniere Laurea;https://www.albalu.it/categoria-prodotto/bomboniere-e-confettate-laurea/bomboniere-laurea/;Bomboniere per Tipologia: Portafoto, Profumatori, Orologi > Bomboniere con Piante Grasse Vere Confezionate;evento singolo (Laurea) -> categoria evento;
A;A - primaria non impostata (Yoast non stampa nessuna categoria);impostare la categoria primaria;https://www.albalu.it/prodotto/bomboniera-portafoto-clip-animaletti-nascita-battesimo/;Bomboniera Portafoto Clip Animaletti Nascita e Battesimo;Bomboniere Compleanno | Compleanno Confettate Segnaposto | Bomboniere Battesimo Personalizzate | Segnaposto e Confettate Battesimo | Bomboniere tema animali per ogni occasione | Bomboniere Portafoto Personalizzabili;(nessuna);Bomboniere tema animali per ogni occasione;Bomboniere per tema > Bomboniere tema animali per ogni occasione;https://www.albalu.it/categoria-prodotto/bomboniere-per-tema/bomboniere-tema-animali/;Bomboniere per Tipologia: Portafoto, Profumatori, Orologi > Bomboniere Portafoto Personalizzabili;multievento (Battesimo, Compleanno) -> tema/tipologia;
A;A - primaria non impostata (Yoast non stampa nessuna categoria);impostare la categoria primaria;https://www.albalu.it/prodotto/bomboniera-portafoto-con-orsetto/;Portafoto Bomboniera Battesimo Orsetto | Albalù;Bomboniere Battesimo Personalizzate | Bomboniere tema animali per ogni occasione | Bomboniere Portafoto Personalizzabili;(nessuna);Bomboniere Battesimo Personalizzate;Bomboniere e Confettate Nascita e Battesimo > Bomboniere Battesimo Personalizzate;https://www.albalu.it/categoria-prodotto/bomboniere-e-confettate-nascita-battesimo/bomboniere-nascita-e-battesimo/;Bomboniere per Tipologia: Portafoto, Profumatori, Orologi > Bomboniere Portafoto Personalizzabili;evento singolo (Battesimo) -> categoria evento;
A;A - primaria non impostata (Yoast non stampa nessuna categoria);impostare la categoria primaria;https://www.albalu.it/prodotto/bomboniera-portafoto-elefanti-personalizzati/;Bomboniera Portafoto Elefanti Personalizzati;Bomboniere Battesimo Personalizzate | Bomboniere tema animali per ogni occasione | Bomboniere Portafoto Personalizzabili;(nessuna);Bomboniere Battesimo Personalizzate;Bomboniere e Confettate Nascita e Battesimo > Bomboniere Battesimo Personalizzate;https://www.albalu.it/categoria-prodotto/bomboniere-e-confettate-nascita-battesimo/bomboniere-nascita-e-battesimo/;Bomboniere per Tipologia: Portafoto, Profumatori, Orologi > Bomboniere Portafoto Personalizzabili;evento singolo (Battesimo) -> categoria evento;
A;A - primaria non impostata (Yoast non stampa nessuna categoria);impostare la categoria primaria;https://www.albalu.it/prodotto/bomboniera-portafoto-mongolfiera/;Portafoto Bomboniera Mongolfiera | Albalù;Bomboniere Battesimo Personalizzate | Bomboniere tema viaggio | Bomboniere Portafoto Personalizzabili;(nessuna);Bomboniere Battesimo Personalizzate;Bomboniere e Confettate Nascita e Battesimo > Bomboniere Battesimo Personalizzate;https://www.albalu.it/categoria-prodotto/bomboniere-e-confettate-nascita-battesimo/bomboniere-nascita-e-battesimo/;Bomboniere per Tipologia: Portafoto, Profumatori, Orologi > Bomboniere Portafoto Personalizzabili;evento singolo (Battesimo) -> categoria evento;
A;A - primaria non impostata (Yoast non stampa nessuna categoria);impostare la categoria primaria;https://www.albalu.it/prodotto/bomboniera-portafoto-orsetto/;Bomboniera Portafoto Orsetto Nascita Battesimo;Bomboniere Battesimo Personalizzate | Bomboniere tema animali per ogni occasione | Bomboniere Portafoto Personalizzabili;(nessuna);Bomboniere Battesimo Personalizzate;Bomboniere e Confettate Nascita e Battesimo > Bomboniere Battesimo Personalizzate;https://www.albalu.it/categoria-prodotto/bomboniere-e-confettate-nascita-battesimo/bomboniere-nascita-e-battesimo/;Bomboniere per Tipologia: Portafoto, Profumatori, Orologi > Bomboniere Portafoto Personalizzabili;evento singolo (Battesimo) -> categoria evento;
A;A - primaria non impostata (Yoast non stampa nessuna categoria);impostare la categoria primaria;https://www.albalu.it/prodotto/bomboniera-portafoto-safari/;Portafoto Bomboniera Safari Battesimo | Albalù;Bomboniere Battesimo Maschio | Bomboniere Battesimo Personalizzate | Bomboniere tema animali per ogni occasione | Bomboniere Portafoto Personalizzabili;(nessuna);Bomboniere Battesimo Maschio;Bomboniere e Confettate Nascita e Battesimo > Bomboniere Battesimo Maschio;https://www.albalu.it/categoria-prodotto/bomboniere-e-confettate-nascita-battesimo/bomboniere-battesimo-maschio/;Bomboniere per Tipologia: Portafoto, Profumatori, Orologi > Bomboniere Portafoto Personalizzabili;evento singolo (Battesimo) -> categoria evento;
A;A - primaria non impostata (Yoast non stampa nessuna categoria);impostare la categoria primaria;https://www.albalu.it/prodotto/bomboniera-profumatore-anniversario-matrimonio-a-forma-di-cuore-in-resina-colorata-con-applicazione-in-legno-25-e-50/;Bomboniera Profumatore Anniversario Matrimonio Cuore in Resina;Bomboniere Anniversario di Matrimonio Utili e Personalizzate;(nessuna);Bomboniere Anniversario di Matrimonio Utili e Personalizzate;Bomboniere e Confettate Anniversario > Bomboniere Anniversario di Matrimonio Utili e Personalizzate;https://www.albalu.it/categoria-prodotto/bomboniere-e-confettate-anniversario/bomboniere-anniversario-matrimonio/;Bomboniere Anniversario di Matrimonio Utili e Personalizzate;evento singolo (Anniversario) -> categoria evento;
A;A - primaria non impostata (Yoast non stampa nessuna categoria);impostare la categoria primaria;https://www.albalu.it/prodotto/bomboniera-profumatore-con-elefante/;Bomboniera Profumatore con Elefante;Bomboniere Battesimo Personalizzate | Bomboniere tema animali per ogni occasione | Bomboniere Profumatori Ambienti Personalizzati;(nessuna);Bomboniere Battesimo Personalizzate;Bomboniere e Confettate Nascita e Battesimo > Bomboniere Battesimo Personalizzate;https://www.albalu.it/categoria-prodotto/bomboniere-e-confettate-nascita-battesimo/bomboniere-nascita-e-battesimo/;Bomboniere per Tipologia: Portafoto, Profumatori, Orologi > Bomboniere Profumatori Ambienti Personalizzati;evento singolo (Battesimo) -> categoria evento;
A;A - primaria non impostata (Yoast non stampa nessuna categoria);impostare la categoria primaria;https://www.albalu.it/prodotto/bomboniera-profumatore-cresima/;Bomboniera Profumatore Cresima;Bomboniere Cresima Personalizzate, Utili e Moderne | Bomboniere per tema | Bomboniere Profumatori Ambienti Personalizzati;(nessuna);Bomboniere Cresima Personalizzate, Utili e Moderne;Bomboniere e Confettate Cresima > Bomboniere Cresima Personalizzate, Utili e Moderne;https://www.albalu.it/categoria-prodotto/bomboniere-e-confettate-cresima/bomboniere-cresima/;Bomboniere per Tipologia: Portafoto, Profumatori, Orologi > Bomboniere Profumatori Ambienti Personalizzati;evento singolo (Cresima) -> categoria evento;
A;A - primaria non impostata (Yoast non stampa nessuna categoria);impostare la categoria primaria;https://www.albalu.it/prodotto/bomboniera-quadretto-tema-positano-con-piastrella-e-da-appogigo/;Bomboniera Quadretto Tema Positano con Piastrella e da appogigo;Bomboniere Anniversario di Matrimonio Utili e Personalizzate | Bomboniere Cresima Personalizzate, Utili e Moderne | Bomboniere Matrimonio Eleganti, Utili e Originali;(nessuna);Bomboniere Anniversario di Matrimonio Utili e Personalizzate;Bomboniere e Confettate Anniversario > Bomboniere Anniversario di Matrimonio Utili e Personalizzate;https://www.albalu.it/categoria-prodotto/bomboniere-e-confettate-anniversario/bomboniere-anniversario-matrimonio/;Bomboniere Anniversario di Matrimonio Utili e Personalizzate;multievento (Anniversario, Cresima, Matrimonio) -> tema/tipologia;multievento senza categoria tema/tipologia assegnata: valutare di assegnarne una
A;A - primaria non impostata (Yoast non stampa nessuna categoria);impostare la categoria primaria;https://www.albalu.it/prodotto/bomboniera-rosa-stabilizzata-su-alzatina-ninfea-in-cristal-per-comunione-matrimonio-anniversario/;Bomboniera Rosa Stabilizzata su Alzatina Ninfea in Cristallo;Bomboniere Anniversario di Matrimonio Utili e Personalizzate | Bomboniere Compleanno | Bomboniere Matrimonio Eleganti, Utili e Originali | Idee Regalo Originali e Artigianali;(nessuna);Bomboniere Anniversario di Matrimonio Utili e Personalizzate;Bomboniere e Confettate Anniversario > Bomboniere Anniversario di Matrimonio Utili e Personalizzate;https://www.albalu.it/categoria-prodotto/bomboniere-e-confettate-anniversario/bomboniere-anniversario-matrimonio/;Complementi d’arredo e idee regalo artigianali > Idee Regalo Originali e Artigianali;multievento (Anniversario, Compleanno, Matrimonio) -> tema/tipologia;multievento senza categoria tema/tipologia assegnata: valutare di assegnarne una
A;A - primaria non impostata (Yoast non stampa nessuna categoria);impostare la categoria primaria;https://www.albalu.it/prodotto/bomboniera-segnalibro-con-ciondolo-cresima/;Bomboniera Segnalibro con Ciondolo Cresima;Bomboniere Cresima Personalizzate, Utili e Moderne;(nessuna);Bomboniere Cresima Personalizzate, Utili e Moderne;Bomboniere e Confettate Cresima > Bomboniere Cresima Personalizzate, Utili e Moderne;https://www.albalu.it/categoria-prodotto/bomboniere-e-confettate-cresima/bomboniere-cresima/;Bomboniere Cresima Personalizzate, Utili e Moderne;evento singolo (Cresima) -> categoria evento;
A;A - primaria non impostata (Yoast non stampa nessuna categoria);impostare la categoria primaria;https://www.albalu.it/prodotto/bomboniera-segnalibro-laurea-con-ciondolo-cappello/;Bomboniera Segnalibro Laurea con Ciondolo Cappello;Bomboniere Laurea;(nessuna);Bomboniere Laurea;Bomboniere e Confettate Laurea > Bomboniere Laurea;https://www.albalu.it/categoria-prodotto/bomboniere-e-confettate-laurea/bomboniere-laurea/;Bomboniere Laurea;evento singolo (Laurea) -> categoria evento;
A;A - primaria non impostata (Yoast non stampa nessuna categoria);impostare la categoria primaria;https://www.albalu.it/prodotto/bomboniera-tagliere-matrimonio-visi/;Tagliere Matrimonio Coppia di Visi | Albalù;Bomboniere Compleanno | Bomboniere Matrimonio Eleganti, Utili e Originali | Bomboniere tema amore: un gesto che parla al cuore;(nessuna);Bomboniere tema amore: un gesto che parla al cuore;Bomboniere per tema > Bomboniere tema amore: un gesto che parla al cuore;https://www.albalu.it/categoria-prodotto/bomboniere-per-tema/bomboniere-tema-amore-un-gesto-che-parla-al-cuore/;Bomboniere per tema > Bomboniere tema amore: un gesto che parla al cuore;multievento (Compleanno, Matrimonio) -> tema/tipologia;
A;A - primaria non impostata (Yoast non stampa nessuna categoria);impostare la categoria primaria;https://www.albalu.it/prodotto/bomboniere-fedi-in-resina-anniversario-di-matrimonio/;Bomboniere Fedi in Resina Anniversario di Matrimonio;Anniversario di Matrimonio: Confettate e Segnaposto;(nessuna);Anniversario di Matrimonio: Confettate e Segnaposto;Bomboniere e Confettate Anniversario > Anniversario di Matrimonio: Confettate e Segnaposto;https://www.albalu.it/categoria-prodotto/bomboniere-e-confettate-anniversario/anniversario-confettate-segnaposto/;Anniversario di Matrimonio: Confettate e Segnaposto;evento singolo (Anniversario) -> categoria evento;
A;A - primaria non impostata (Yoast non stampa nessuna categoria);impostare la categoria primaria;https://www.albalu.it/prodotto/bomboniere-quadretto-maioliche-con-piastrella-gres-porcellanato-da-appoggio/;Bomboniere Quadretto Maioliche con Piastrella Gres Porcellanato;Bomboniere Anniversario di Matrimonio Utili e Personalizzate | Bomboniere Compleanno | Bomboniere Matrimonio Eleganti, Utili e Originali;(nessuna);Bomboniere Anniversario di Matrimonio Utili e Personalizzate;Bomboniere e Confettate Anniversario > Bomboniere Anniversario di Matrimonio Utili e Personalizzate;https://www.albalu.it/categoria-prodotto/bomboniere-e-confettate-anniversario/bomboniere-anniversario-matrimonio/;Bomboniere Anniversario di Matrimonio Utili e Personalizzate;multievento (Anniversario, Compleanno, Matrimonio) -> tema/tipologia;multievento senza categoria tema/tipologia assegnata: valutare di assegnarne una
A;A - primaria non impostata (Yoast non stampa nessuna categoria);impostare la categoria primaria;https://www.albalu.it/prodotto/calamita-in-resina-effetto-gesso-decorata-a-mano-in-oro-e-argento-a-tema-nozze-anniversario-di-matrimonio/;Bomboniera Calamita numero 25 Argentato in Resina;Anniversario di Matrimonio: Confettate e Segnaposto | Compleanno Confettate Segnaposto;(nessuna);Anniversario di Matrimonio: Confettate e Segnaposto;Bomboniere e Confettate Anniversario > Anniversario di Matrimonio: Confettate e Segnaposto;https://www.albalu.it/categoria-prodotto/bomboniere-e-confettate-anniversario/anniversario-confettate-segnaposto/;Anniversario di Matrimonio: Confettate e Segnaposto;multievento (Anniversario, Compleanno) -> tema/tipologia;multievento senza categoria tema/tipologia assegnata: valutare di assegnarne una
A;A - primaria non impostata (Yoast non stampa nessuna categoria);impostare la categoria primaria;https://www.albalu.it/prodotto/chiave-portafortuna-in-resina-argentata-con-dettaglio-moneta-1-euro-e-gancetto-per-ciondolo-con-nastrino-rosso/;Chiave Portafortuna Moneta 1 Euro | Albalù;Portafortuna in Resina Argentata;(nessuna);Portafortuna in Resina Argentata;Complementi d’arredo e idee regalo artigianali > Portafortuna in Resina Argentata;https://www.albalu.it/categoria-prodotto/complementi-d-arredo-regali/portafortuna-resina-argentata/;Complementi d’arredo e idee regalo artigianali > Portafortuna in Resina Argentata;nessun evento -> tema/tipologia/altro;
A;A - primaria non impostata (Yoast non stampa nessuna categoria);impostare la categoria primaria;https://www.albalu.it/prodotto/chiave-portafortuna-in-resina-argentata-con-dettaglio-numero-13-e-gancetto-per-ciondolo-con-nastrino-rosso/;Chiave Portafortuna Numero 13 | Albalù;Portafortuna in Resina Argentata;(nessuna);Portafortuna in Resina Argentata;Complementi d’arredo e idee regalo artigianali > Portafortuna in Resina Argentata;https://www.albalu.it/categoria-prodotto/complementi-d-arredo-regali/portafortuna-resina-argentata/;Complementi d’arredo e idee regalo artigianali > Portafortuna in Resina Argentata;nessun evento -> tema/tipologia/altro;
A;A - primaria non impostata (Yoast non stampa nessuna categoria);impostare la categoria primaria;https://www.albalu.it/prodotto/chiave-portafortuna-in-resina-argentata-con-nastrino-rosso/;Chiave Portafortuna in Resina Argentata | Albalù;Portafortuna in Resina Argentata;(nessuna);Portafortuna in Resina Argentata;Complementi d’arredo e idee regalo artigianali > Portafortuna in Resina Argentata;https://www.albalu.it/categoria-prodotto/complementi-d-arredo-regali/portafortuna-resina-argentata/;Complementi d’arredo e idee regalo artigianali > Portafortuna in Resina Argentata;nessun evento -> tema/tipologia/altro;
A;A - primaria non impostata (Yoast non stampa nessuna categoria);impostare la categoria primaria;https://www.albalu.it/prodotto/ciondolo-a-forma-di-numero-25-in-metallo-color-argento-con-applicazioni-strass-e-gancetto-con-foro-per-portachiavi/;Ciondolo Numero 25 Anniversario | Albalù;Anniversario di Matrimonio: Confettate e Segnaposto | Compleanno Confettate Segnaposto;(nessuna);Anniversario di Matrimonio: Confettate e Segnaposto;Bomboniere e Confettate Anniversario > Anniversario di Matrimonio: Confettate e Segnaposto;https://www.albalu.it/categoria-prodotto/bomboniere-e-confettate-anniversario/anniversario-confettate-segnaposto/;Anniversario di Matrimonio: Confettate e Segnaposto;multievento (Anniversario, Compleanno) -> tema/tipologia;multievento senza categoria tema/tipologia assegnata: valutare di assegnarne una
A;A - primaria non impostata (Yoast non stampa nessuna categoria);impostare la categoria primaria;https://www.albalu.it/prodotto/ciondolo-numero-50-in-metallo-per-confettata-anniversario/;"Ciondolo Numero 50 Nozze d&#039;Oro | Albalù";Anniversario di Matrimonio: Confettate e Segnaposto | Compleanno Confettate Segnaposto;(nessuna);Anniversario di Matrimonio: Confettate e Segnaposto;Bomboniere e Confettate Anniversario > Anniversario di Matrimonio: Confettate e Segnaposto;https://www.albalu.it/categoria-prodotto/bomboniere-e-confettate-anniversario/anniversario-confettate-segnaposto/;Anniversario di Matrimonio: Confettate e Segnaposto;multievento (Anniversario, Compleanno) -> tema/tipologia;multievento senza categoria tema/tipologia assegnata: valutare di assegnarne una
A;A - primaria non impostata (Yoast non stampa nessuna categoria);impostare la categoria primaria;https://www.albalu.it/prodotto/confettata-magnete-laurea-in-gres-porcellanato-decorata-con-supporto-da-appoggio-e-scatola/;Magnete Laurea in Gres Porcellanato con cavalletto;Confettate Segnaposto per Laurea;(nessuna);Confettate Segnaposto per Laurea;Bomboniere e Confettate Laurea > Confettate Segnaposto per Laurea;https://www.albalu.it/categoria-prodotto/bomboniere-e-confettate-laurea/laurea-confettate-segnaposto/;Confettate Segnaposto per Laurea;evento singolo (Laurea) -> categoria evento;
A;A - primaria non impostata (Yoast non stampa nessuna categoria);impostare la categoria primaria;https://www.albalu.it/prodotto/cornetto-portafortuna-in-resina-argentata-con-dettaglio-quadrifoglio-verde-e-gancetto-per-ciondolo-con-nastrino-rosso/;Cornetto Portafortuna Quadrifoglio | Albalù;Portafortuna in Resina Argentata;(nessuna);Portafortuna in Resina Argentata;Complementi d’arredo e idee regalo artigianali > Portafortuna in Resina Argentata;https://www.albalu.it/categoria-prodotto/complementi-d-arredo-regali/portafortuna-resina-argentata/;Complementi d’arredo e idee regalo artigianali > Portafortuna in Resina Argentata;nessun evento -> tema/tipologia/altro;
A;A - primaria non impostata (Yoast non stampa nessuna categoria);impostare la categoria primaria;https://www.albalu.it/prodotto/cornetto-portafortuna-in-resina-argento-con-coccinella-rossa/;Cornetto Portafortuna con Coccinella | Albalù;Portafortuna in Resina Argentata;(nessuna);Portafortuna in Resina Argentata;Complementi d’arredo e idee regalo artigianali > Portafortuna in Resina Argentata;https://www.albalu.it/categoria-prodotto/complementi-d-arredo-regali/portafortuna-resina-argentata/;Complementi d’arredo e idee regalo artigianali > Portafortuna in Resina Argentata;nessun evento -> tema/tipologia/altro;
A;A - primaria non impostata (Yoast non stampa nessuna categoria);impostare la categoria primaria;https://www.albalu.it/prodotto/ferro-di-cavallo-portafortuna-in-resina-argentata-con-cuore-e-nappina-rossa/;Ferro di Cavallo Portafortuna in Resina Argentata con Cuore;Portafortuna in Resina Argentata;(nessuna);Portafortuna in Resina Argentata;Complementi d’arredo e idee regalo artigianali > Portafortuna in Resina Argentata;https://www.albalu.it/categoria-prodotto/complementi-d-arredo-regali/portafortuna-resina-argentata/;Complementi d’arredo e idee regalo artigianali > Portafortuna in Resina Argentata;nessun evento -> tema/tipologia/altro;
A;A - primaria non impostata (Yoast non stampa nessuna categoria);impostare la categoria primaria;https://www.albalu.it/prodotto/icona-in-legno-con-piastrella-in-gres-decorata-a-tema-laurea-e-piedino-da-appoggio/;Bomboniera Laurea icona con Gufo e Tocco Laurea;Bomboniere Laurea;(nessuna);Bomboniere Laurea;Bomboniere e Confettate Laurea > Bomboniere Laurea;https://www.albalu.it/categoria-prodotto/bomboniere-e-confettate-laurea/bomboniere-laurea/;Bomboniere Laurea;evento singolo (Laurea) -> categoria evento;
A;A - primaria non impostata (Yoast non stampa nessuna categoria);impostare la categoria primaria;https://www.albalu.it/prodotto/icona-in-resina-cuore-da-appoggio-cresima-decorata-a-mano/;Icona in Resina Cuore da Appoggio Cresima Decorata a mano;Segnaposto e Confettata Cresima Personalizzati | Bomboniere Religiose e Sacre;(nessuna);Segnaposto e Confettata Cresima Personalizzati;Bomboniere e Confettate Cresima > Segnaposto e Confettata Cresima Personalizzati;https://www.albalu.it/categoria-prodotto/bomboniere-e-confettate-cresima/cresima-confettate-segnaposto/;Bomboniere per tema > Bomboniere Religiose e Sacre;evento singolo (Cresima) -> categoria evento;
A;A - primaria non impostata (Yoast non stampa nessuna categoria);impostare la categoria primaria;https://www.albalu.it/prodotto/laurea-barattolino-vetro-portaconfetti-con-applicazione/;Barattolino Laurea Portaconfetti in Vetro | Albalù;Confettate Segnaposto per Laurea;(nessuna);Confettate Segnaposto per Laurea;Bomboniere e Confettate Laurea > Confettate Segnaposto per Laurea;https://www.albalu.it/categoria-prodotto/bomboniere-e-confettate-laurea/laurea-confettate-segnaposto/;Confettate Segnaposto per Laurea;evento singolo (Laurea) -> categoria evento;
A;A - primaria non impostata (Yoast non stampa nessuna categoria);impostare la categoria primaria;https://www.albalu.it/prodotto/laurea-confettata-barattolo-vetro-tubo-sughero-con-applicazione-quadrifoglio-portafortuna-in-legno/;Confettata Laurea con Quadrifoglio | Albalù;Confettate Segnaposto per Laurea;(nessuna);Confettate Segnaposto per Laurea;Bomboniere e Confettate Laurea > Confettate Segnaposto per Laurea;https://www.albalu.it/categoria-prodotto/bomboniere-e-confettate-laurea/laurea-confettate-segnaposto/;Confettate Segnaposto per Laurea;evento singolo (Laurea) -> categoria evento;
A;A - primaria non impostata (Yoast non stampa nessuna categoria);impostare la categoria primaria;https://www.albalu.it/prodotto/laurea-scatolina-portaconfetti-barattolino-tocco-e-applicazione/;Barattolino Laurea Portaconfetti con Tocco | Albalù;Confettate Segnaposto per Laurea;(nessuna);Confettate Segnaposto per Laurea;Bomboniere e Confettate Laurea > Confettate Segnaposto per Laurea;https://www.albalu.it/categoria-prodotto/bomboniere-e-confettate-laurea/laurea-confettate-segnaposto/;Confettate Segnaposto per Laurea;evento singolo (Laurea) -> categoria evento;
A;A - primaria non impostata (Yoast non stampa nessuna categoria);impostare la categoria primaria;https://www.albalu.it/prodotto/magneti-sposi-in-legno-per-confettate-e-segnaposto-matrimonio/;Magneti Sposi in Legno per Confettate e Segnaposto;Segnaposto e Confettata Matrimonio Personalizzati;(nessuna);Segnaposto e Confettata Matrimonio Personalizzati;Bomboniere e Confettate Matrimonio > Segnaposto e Confettata Matrimonio Personalizzati;https://www.albalu.it/categoria-prodotto/bomboniere-e-confettate-matrimonio/matrimonio-confettate-segnaposto/;Segnaposto e Confettata Matrimonio Personalizzati;evento singolo (Matrimonio) -> categoria evento;
A;A - primaria non impostata (Yoast non stampa nessuna categoria);impostare la categoria primaria;https://www.albalu.it/prodotto/mollettine-laurea-in-legno-a-tema-gufetti/;Mollettine Laurea in Legno a Tema Gufetti;Confettate Segnaposto per Laurea;(nessuna);Confettate Segnaposto per Laurea;Bomboniere e Confettate Laurea > Confettate Segnaposto per Laurea;https://www.albalu.it/categoria-prodotto/bomboniere-e-confettate-laurea/laurea-confettate-segnaposto/;Confettate Segnaposto per Laurea;evento singolo (Laurea) -> categoria evento;
A;A - primaria non impostata (Yoast non stampa nessuna categoria);impostare la categoria primaria;https://www.albalu.it/prodotto/orologio-bomboniera-fineline-farfalle-personalizzabile/;Orologio Bomboniera Farfalle Line Art Personalizzabile | Albalù;Bomboniere Farfalle | Bomboniere per Tipologia: Portafoto, Profumatori, Orologi;(nessuna);Bomboniere Farfalle;Bomboniere per tema > Bomboniere Farfalle;https://www.albalu.it/categoria-prodotto/bomboniere-per-tema/bomboniere-farfalle/;Bomboniere per tema > Bomboniere Farfalle;nessun evento -> tema/tipologia/altro;
A;A - primaria non impostata (Yoast non stampa nessuna categoria);impostare la categoria primaria;https://www.albalu.it/prodotto/orologio-bomboniera-fiori-fineline-personalizzabile/;Orologio Bomboniera Fiori Fineline Papavero | Albalù;Bomboniere tema fiori per ogni occasione | Albalù | Bomboniere per Tipologia: Portafoto, Profumatori, Orologi;(nessuna);Bomboniere tema fiori per ogni occasione | Albalù;Bomboniere per tema > Bomboniere tema fiori per ogni occasione | Albalù;https://www.albalu.it/categoria-prodotto/bomboniere-per-tema/bomboniere-tema-fiori-per-ogni-occasione/;Bomboniere per tema > Bomboniere tema fiori per ogni occasione | Albalù;nessun evento -> tema/tipologia/altro;
A;A - primaria non impostata (Yoast non stampa nessuna categoria);impostare la categoria primaria;https://www.albalu.it/prodotto/orologio-bomboniera-laurea-albero-della-vita/;Orologio Bomboniera Laurea Albero Vita | Albalù;Bomboniere Laurea;(nessuna);Bomboniere Laurea;Bomboniere e Confettate Laurea > Bomboniere Laurea;https://www.albalu.it/categoria-prodotto/bomboniere-e-confettate-laurea/bomboniere-laurea/;Bomboniere Laurea;evento singolo (Laurea) -> categoria evento;
A;A - primaria non impostata (Yoast non stampa nessuna categoria);impostare la categoria primaria;https://www.albalu.it/prodotto/orologio-bomboniera-laurea-farfalle/;Orologio Bomboniera Laurea Farfalle | Albalù;Bomboniere Laurea;(nessuna);Bomboniere Laurea;Bomboniere e Confettate Laurea > Bomboniere Laurea;https://www.albalu.it/categoria-prodotto/bomboniere-e-confettate-laurea/bomboniere-laurea/;Bomboniere Laurea;evento singolo (Laurea) -> categoria evento;
A;A - primaria non impostata (Yoast non stampa nessuna categoria);impostare la categoria primaria;https://www.albalu.it/prodotto/orologio-bomboniera-laurea-fiori/;Orologio Bomboniera Laurea Fiori | Albalù;Bomboniere Laurea;(nessuna);Bomboniere Laurea;Bomboniere e Confettate Laurea > Bomboniere Laurea;https://www.albalu.it/categoria-prodotto/bomboniere-e-confettate-laurea/bomboniere-laurea/;Bomboniere Laurea;evento singolo (Laurea) -> categoria evento;
A;A - primaria non impostata (Yoast non stampa nessuna categoria);impostare la categoria primaria;https://www.albalu.it/prodotto/orologio-bomboniera-laurea-mappamondo/;Orologio Bomboniera Laurea Mappamondo | Albalù;Bomboniere Laurea;(nessuna);Bomboniere Laurea;Bomboniere e Confettate Laurea > Bomboniere Laurea;https://www.albalu.it/categoria-prodotto/bomboniere-e-confettate-laurea/bomboniere-laurea/;Bomboniere Laurea;evento singolo (Laurea) -> categoria evento;
A;A - primaria non impostata (Yoast non stampa nessuna categoria);impostare la categoria primaria;https://www.albalu.it/prodotto/orologio-bomboniera-laurea-orologio-cuore-applicazione-gufo/;Bomboniera Laurea Orologio Gufetto Cuore in Legno;Bomboniere Laurea;(nessuna);Bomboniere Laurea;Bomboniere e Confettate Laurea > Bomboniere Laurea;https://www.albalu.it/categoria-prodotto/bomboniere-e-confettate-laurea/bomboniere-laurea/;Bomboniere Laurea;evento singolo (Laurea) -> categoria evento;
A;A - primaria non impostata (Yoast non stampa nessuna categoria);impostare la categoria primaria;https://www.albalu.it/prodotto/orologio-bomboniera-mappamondo-fineline-personalizzabile/;Orologio Bomboniera Mappamondo | Albalù;Bomboniere tema viaggio | Bomboniere per Tipologia: Portafoto, Profumatori, Orologi;(nessuna);Bomboniere tema viaggio;Bomboniere per tema > Bomboniere tema viaggio;https://www.albalu.it/categoria-prodotto/bomboniere-per-tema/bomboniere-tema-viaggio/;Bomboniere per tema > Bomboniere tema viaggio;nessun evento -> tema/tipologia/altro;
A;A - primaria non impostata (Yoast non stampa nessuna categoria);impostare la categoria primaria;https://www.albalu.it/prodotto/orologio-bomboniera-matrimonio-albero-della-vita/;Orologio Bomboniera Matrimonio Albero Vita | Albalù;Bomboniere Matrimonio Eleganti, Utili e Originali;(nessuna);Bomboniere Matrimonio Eleganti, Utili e Originali;Bomboniere e Confettate Matrimonio > Bomboniere Matrimonio Eleganti, Utili e Originali;https://www.albalu.it/categoria-prodotto/bomboniere-e-confettate-matrimonio/bomboniere-matrimonio/;Bomboniere Matrimonio Eleganti, Utili e Originali;evento singolo (Matrimonio) -> categoria evento;
A;A - primaria non impostata (Yoast non stampa nessuna categoria);impostare la categoria primaria;https://www.albalu.it/prodotto/orologio-bomboniera-matrimonio-farfalle/;Orologio Bomboniera Matrimonio Farfalle | Albalù;Bomboniere Matrimonio Eleganti, Utili e Originali;(nessuna);Bomboniere Matrimonio Eleganti, Utili e Originali;Bomboniere e Confettate Matrimonio > Bomboniere Matrimonio Eleganti, Utili e Originali;https://www.albalu.it/categoria-prodotto/bomboniere-e-confettate-matrimonio/bomboniere-matrimonio/;Bomboniere Matrimonio Eleganti, Utili e Originali;evento singolo (Matrimonio) -> categoria evento;
A;A - primaria non impostata (Yoast non stampa nessuna categoria);impostare la categoria primaria;https://www.albalu.it/prodotto/orologio-bomboniera-matrimonio-fiori/;Orologio Bomboniera Matrimonio Fiori | Albalù;Bomboniere Matrimonio Eleganti, Utili e Originali;(nessuna);Bomboniere Matrimonio Eleganti, Utili e Originali;Bomboniere e Confettate Matrimonio > Bomboniere Matrimonio Eleganti, Utili e Originali;https://www.albalu.it/categoria-prodotto/bomboniere-e-confettate-matrimonio/bomboniere-matrimonio/;Bomboniere Matrimonio Eleganti, Utili e Originali;evento singolo (Matrimonio) -> categoria evento;
A;A - primaria non impostata (Yoast non stampa nessuna categoria);impostare la categoria primaria;https://www.albalu.it/prodotto/orologio-bomboniera-matrimonio-mappamondo/;Orologio Bomboniera Matrimonio Mappamondo | Albalù;Bomboniere Matrimonio Eleganti, Utili e Originali;(nessuna);Bomboniere Matrimonio Eleganti, Utili e Originali;Bomboniere e Confettate Matrimonio > Bomboniere Matrimonio Eleganti, Utili e Originali;https://www.albalu.it/categoria-prodotto/bomboniere-e-confettate-matrimonio/bomboniere-matrimonio/;Bomboniere Matrimonio Eleganti, Utili e Originali;evento singolo (Matrimonio) -> categoria evento;
A;A - primaria non impostata (Yoast non stampa nessuna categoria);impostare la categoria primaria;https://www.albalu.it/prodotto/orologio-bomboniera-matrimonio-visi/;Orologio Bomboniera Matrimonio Visi | Albalù;Bomboniere Matrimonio Eleganti, Utili e Originali;(nessuna);Bomboniere Matrimonio Eleganti, Utili e Originali;Bomboniere e Confettate Matrimonio > Bomboniere Matrimonio Eleganti, Utili e Originali;https://www.albalu.it/categoria-prodotto/bomboniere-e-confettate-matrimonio/bomboniere-matrimonio/;Bomboniere Matrimonio Eleganti, Utili e Originali;evento singolo (Matrimonio) -> categoria evento;
A;A - primaria non impostata (Yoast non stampa nessuna categoria);impostare la categoria primaria;https://www.albalu.it/prodotto/orologio-in-legno-verniciato-a-forma-di-delfino-rosa-o-celeste/;Bomboniera Orologio Delfino in Legno Rosa o Celeste;Bomboniere Compleanno | Bomboniere Battesimo Personalizzate | Bomboniere tema animali per ogni occasione;(nessuna);Bomboniere tema animali per ogni occasione;Bomboniere per tema > Bomboniere tema animali per ogni occasione;https://www.albalu.it/categoria-prodotto/bomboniere-per-tema/bomboniere-tema-animali/;Bomboniere per tema > Bomboniere tema animali per ogni occasione;multievento (Battesimo, Compleanno) -> tema/tipologia;
A;A - primaria non impostata (Yoast non stampa nessuna categoria);impostare la categoria primaria;https://www.albalu.it/prodotto/portachiavi-in-legno-con-applicazioni-doppio-strato-a-tema-laurea/;Bomboniera Laurea Portachiavi gufetto;Confettate Segnaposto per Laurea;(nessuna);Confettate Segnaposto per Laurea;Bomboniere e Confettate Laurea > Confettate Segnaposto per Laurea;https://www.albalu.it/categoria-prodotto/bomboniere-e-confettate-laurea/laurea-confettate-segnaposto/;Confettate Segnaposto per Laurea;evento singolo (Laurea) -> categoria evento;
A;A - primaria non impostata (Yoast non stampa nessuna categoria);impostare la categoria primaria;https://www.albalu.it/prodotto/prodotto-bomboniera-profumatore-nascita-battesimo-personalizzabile-animali/;Bomboniera Profumatore Nascita e Battesimo Personalizzabile;Bomboniere Compleanno | Bomboniere Battesimo Personalizzate | Bomboniere tema animali per ogni occasione | Bomboniere Profumatori Ambienti Personalizzati;(nessuna);Bomboniere tema animali per ogni occasione;Bomboniere per tema > Bomboniere tema animali per ogni occasione;https://www.albalu.it/categoria-prodotto/bomboniere-per-tema/bomboniere-tema-animali/;Bomboniere per Tipologia: Portafoto, Profumatori, Orologi > Bomboniere Profumatori Ambienti Personalizzati;multievento (Battesimo, Compleanno) -> tema/tipologia;
A;A - primaria non impostata (Yoast non stampa nessuna categoria);impostare la categoria primaria;https://www.albalu.it/prodotto/profumatore-diciottesimo-compleanno-in-vetro-con-rete-decorata-e-applicazione-in-gesso/;Bomboniere Profumatore Diciottesimo Compleanno;Bomboniere Compleanno;(nessuna);Bomboniere Compleanno;Bomboniere e Confettate Compleanno > Bomboniere Compleanno;https://www.albalu.it/categoria-prodotto/bomboniere-e-confettate-compleanno/bomboniere-compleanno-personalizzate/;Bomboniere Compleanno;evento singolo (Compleanno) -> categoria evento;
A;A - primaria non impostata (Yoast non stampa nessuna categoria);impostare la categoria primaria;https://www.albalu.it/prodotto/profumatore-in-legno-tema-laurea-con-applicazione-gufetto/;Profumatore Bomboniera Laurea in Legno Modello Gufo Rosso;Bomboniere Laurea | Bomboniere Profumatori Ambienti Personalizzati;(nessuna);Bomboniere Laurea;Bomboniere e Confettate Laurea > Bomboniere Laurea;https://www.albalu.it/categoria-prodotto/bomboniere-e-confettate-laurea/bomboniere-laurea/;Bomboniere per Tipologia: Portafoto, Profumatori, Orologi > Bomboniere Profumatori Ambienti Personalizzati;evento singolo (Laurea) -> categoria evento;
A;A - primaria non impostata (Yoast non stampa nessuna categoria);impostare la categoria primaria;https://www.albalu.it/prodotto/quadretto-in-legno-con-piastrella-positano-in-gres-porcellanato-e-cornice-bianca-e-tortora-quadrata/;Bomboniere Quadretto con Piastrella Positano in Gres Porcellanato;Bomboniere Anniversario di Matrimonio Utili e Personalizzate | Bomboniere Diciottesimo Ragazza Originali e Particolari | Bomboniere Diciottesimo Ragazzo Utili e Personalizzate | Bomboniere Compleanno | Bomboniere Matrimonio Eleganti, Utili e Originali;(nessuna);Bomboniere Anniversario di Matrimonio Utili e Personalizzate;Bomboniere e Confettate Anniversario > Bomboniere Anniversario di Matrimonio Utili e Personalizzate;https://www.albalu.it/categoria-prodotto/bomboniere-e-confettate-anniversario/bomboniere-anniversario-matrimonio/;Bomboniere Anniversario di Matrimonio Utili e Personalizzate;multievento (Anniversario, Compleanno, Matrimonio) -> tema/tipologia;multievento senza categoria tema/tipologia assegnata: valutare di assegnarne una
A;A - primaria non impostata (Yoast non stampa nessuna categoria);impostare la categoria primaria;https://www.albalu.it/prodotto/statuetta-in-resina-argentata-raffigurante-un-melograno-portafortuna-con-soldi-in-oro-e-argento-dimensione-grande/;Melograno Portafortuna con Soldi Grande | Albalù;Portafortuna in Resina Argentata;(nessuna);Portafortuna in Resina Argentata;Complementi d’arredo e idee regalo artigianali > Portafortuna in Resina Argentata;https://www.albalu.it/categoria-prodotto/complementi-d-arredo-regali/portafortuna-resina-argentata/;Complementi d’arredo e idee regalo artigianali > Portafortuna in Resina Argentata;nessun evento -> tema/tipologia/altro;
A;A - primaria non impostata (Yoast non stampa nessuna categoria);impostare la categoria primaria;https://www.albalu.it/prodotto/statuetta-in-resina-argentata-raffigurante-un-melograno-portafortuna-con-soldi-in-oro-e-argento-dimensione-media/;Melograno Portafortuna con Soldi in Resina | Albalù;Portafortuna in Resina Argentata;(nessuna);Portafortuna in Resina Argentata;Complementi d’arredo e idee regalo artigianali > Portafortuna in Resina Argentata;https://www.albalu.it/categoria-prodotto/complementi-d-arredo-regali/portafortuna-resina-argentata/;Complementi d’arredo e idee regalo artigianali > Portafortuna in Resina Argentata;nessun evento -> tema/tipologia/altro;
B;B - primaria sulla categoria padre invece che sulla figlia;spostare la primaria sulla sottocategoria;https://www.albalu.it/prodotto/album-portafoto-comunione-in-ecopelle-con-decoro-oro-calice-comunione-idea-regalo/;Album Comunione in Ecopelle Decoro Oro | Albalù;Idee Regalo Originali e Artigianali;Complementi d’arredo e idee regalo artigianali;Idee Regalo Originali e Artigianali;Complementi d’arredo e idee regalo artigianali > Idee Regalo Originali e Artigianali;https://www.albalu.it/categoria-prodotto/complementi-d-arredo-regali/regali/;Complementi d’arredo e idee regalo artigianali > Idee Regalo Originali e Artigianali;nessun evento -> tema/tipologia/altro;
B;B - primaria sulla categoria padre invece che sulla figlia;spostare la primaria sulla sottocategoria;https://www.albalu.it/prodotto/barattolino-confettata-portaconfetti-in-vetro-applicazione-calice-comunione-e-nastrino-bianco/;Barattolino Confettata in Vetro con Calice Comunione;Confettate e Segnaposto Comunione | Bomboniere Religiose e Sacre;Bomboniere e Confettate Prima Comunione Personalizzate;Confettate e Segnaposto Comunione;Bomboniere e Confettate Prima Comunione Personalizzate > Confettate e Segnaposto Comunione;https://www.albalu.it/categoria-prodotto/bomboniere-comunione-e-confettate/comunione-confettate-segnaposto/;Bomboniere per tema > Bomboniere Religiose e Sacre;evento singolo (Comunione) -> categoria evento;
B;B - primaria sulla categoria padre invece che sulla figlia;spostare la primaria sulla sottocategoria;https://www.albalu.it/prodotto/barattolino-portaconfetti-con-albero-della-vita-e-nastrino/;Barattolino Portaconfetti Albero della Vita | Albalù;Confettate e Segnaposto Comunione | Anniversario di Matrimonio: Confettate e Segnaposto | Compleanno Confettate Segnaposto | Segnaposto e Confettata Cresima Personalizzati | Segnaposto e Confettata Matrimonio Personalizzati | Segnaposto e Confettate Battesimo;Bomboniere e Confettate Prima Comunione Personalizzate;Confettate e Segnaposto Comunione;Bomboniere e Confettate Prima Comunione Personalizzate > Confettate e Segnaposto Comunione;https://www.albalu.it/categoria-prodotto/bomboniere-comunione-e-confettate/comunione-confettate-segnaposto/;Anniversario di Matrimonio: Confettate e Segnaposto;multievento (Anniversario, Battesimo, Compleanno, Comunione, Cresima, Matrimonio) -> tema/tipologia;multievento senza categoria tema/tipologia assegnata: valutare di assegnarne una
B;B - primaria sulla categoria padre invece che sulla figlia;spostare la primaria sulla sottocategoria;https://www.albalu.it/prodotto/barattolino-portaconfetti-con-mattonella-cresima-e-comunione/;Barattolino Portaconfetti Mattonella Comunione | Albalù;Confettate e Segnaposto Comunione | Segnaposto e Confettata Cresima Personalizzati;Bomboniere e Confettate Prima Comunione Personalizzate;Confettate e Segnaposto Comunione;Bomboniere e Confettate Prima Comunione Personalizzate > Confettate e Segnaposto Comunione;https://www.albalu.it/categoria-prodotto/bomboniere-comunione-e-confettate/comunione-confettate-segnaposto/;Segnaposto e Confettata Cresima Personalizzati;multievento (Comunione, Cresima) -> tema/tipologia;multievento senza categoria tema/tipologia assegnata: valutare di assegnarne una
B;B - primaria sulla categoria padre invece che sulla figlia;spostare la primaria sulla sottocategoria;https://www.albalu.it/prodotto/barattolino-portaconfetti-in-vetro-con-tappo-in-sughero-e-applicazione-cuore-con-strass-e-nastrino-panna-con-corda/;Barattolino Portaconfetti con Cuore Strass | Albalù;Confettate e Segnaposto Comunione | Anniversario di Matrimonio: Confettate e Segnaposto | Compleanno Confettate Segnaposto | Segnaposto e Confettata Cresima Personalizzati | Segnaposto e Confettata Matrimonio Personalizzati | Segnaposto e Confettate Battesimo;Bomboniere e Confettate Prima Comunione Personalizzate;Confettate e Segnaposto Comunione;Bomboniere e Confettate Prima Comunione Personalizzate > Confettate e Segnaposto Comunione;https://www.albalu.it/categoria-prodotto/bomboniere-comunione-e-confettate/comunione-confettate-segnaposto/;Anniversario di Matrimonio: Confettate e Segnaposto;multievento (Anniversario, Battesimo, Compleanno, Comunione, Cresima, Matrimonio) -> tema/tipologia;multievento senza categoria tema/tipologia assegnata: valutare di assegnarne una
B;B - primaria sulla categoria padre invece che sulla figlia;spostare la primaria sulla sottocategoria;https://www.albalu.it/prodotto/barattolino-portaconfetti-in-vetro-con-tappo-in-sughero-e-applicazione-in-gesso-a-forma-di-cuoricino-con-corda-e-tessuto/;Barattolino Portaconfetti Cuore in Gesso | Albalù;Confettate e Segnaposto Comunione | Anniversario di Matrimonio: Confettate e Segnaposto | Compleanno Confettate Segnaposto | Segnaposto e Confettata Cresima Personalizzati | Segnaposto e Confettata Matrimonio Personalizzati | Segnaposto e Confettate Battesimo;Bomboniere e Confettate Prima Comunione Personalizzate;Confettate e Segnaposto Comunione;Bomboniere e Confettate Prima Comunione Personalizzate > Confettate e Segnaposto Comunione;https://www.albalu.it/categoria-prodotto/bomboniere-comunione-e-confettate/comunione-confettate-segnaposto/;Anniversario di Matrimonio: Confettate e Segnaposto;multievento (Anniversario, Battesimo, Compleanno, Comunione, Cresima, Matrimonio) -> tema/tipologia;multievento senza categoria tema/tipologia assegnata: valutare di assegnarne una
B;B - primaria sulla categoria padre invece che sulla figlia;spostare la primaria sulla sottocategoria;https://www.albalu.it/prodotto/barattolino-portaconfetti-in-vetro-con-tappo-in-sughero-e-decorato-con-gessetto-a-forma-di-albero-della-vita-e-coccarda-a-forma-di-fiocco/;Barattolino Albero della Vita con Coccarda | Albalù;Confettate e Segnaposto Comunione | Anniversario di Matrimonio: Confettate e Segnaposto | Compleanno Confettate Segnaposto | Segnaposto e Confettata Cresima Personalizzati | Segnaposto e Confettata Matrimonio Personalizzati | Segnaposto e Confettate Battesimo;Bomboniere e Confettate Prima Comunione Personalizzate;Confettate e Segnaposto Comunione;Bomboniere e Confettate Prima Comunione Personalizzate > Confettate e Segnaposto Comunione;https://www.albalu.it/categoria-prodotto/bomboniere-comunione-e-confettate/comunione-confettate-segnaposto/;Anniversario di Matrimonio: Confettate e Segnaposto;multievento (Anniversario, Battesimo, Compleanno, Comunione, Cresima, Matrimonio) -> tema/tipologia;multievento senza categoria tema/tipologia assegnata: valutare di assegnarne una
B;B - primaria sulla categoria padre invece che sulla figlia;spostare la primaria sulla sottocategoria;https://www.albalu.it/prodotto/bomboniera-albero-vita-maternita-sacra-famiglia/;Bomboniera Albero della Vita Icona Sacra | Albalù;Bomboniere per Comunione da Bambina | Bomboniere Comunione Maschio | Bomboniere Cresima Personalizzate, Utili e Moderne | Bomboniere Matrimonio Eleganti, Utili e Originali | Bomboniere Battesimo Personalizzate;Bomboniere e Confettate Prima Comunione Personalizzate;Bomboniere per Comunione da Bambina;Bomboniere e Confettate Prima Comunione Personalizzate > Bomboniere per Comunione da Bambina;https://www.albalu.it/categoria-prodotto/bomboniere-comunione-e-confettate/bomboniere-comunione-bambina/;Bomboniere Matrimonio Eleganti, Utili e Originali;multievento (Battesimo, Comunione, Cresima, Matrimonio) -> tema/tipologia;multievento senza categoria tema/tipologia assegnata: valutare di assegnarne una
B;B - primaria sulla categoria padre invece che sulla figlia;spostare la primaria sulla sottocategoria;https://www.albalu.it/prodotto/bomboniera-calendario-perpetuo-prima-comunione/;Bomboniera Comunione Calendario Perpetuo Calice;Bomboniere per Comunione da Bambina | Bomboniere Comunione Maschio | Bomboniere Calendario Perpetuo Personalizzabili;Bomboniere e Confettate Prima Comunione Personalizzate;Bomboniere per Comunione da Bambina;Bomboniere e Confettate Prima Comunione Personalizzate > Bomboniere per Comunione da Bambina;https://www.albalu.it/categoria-prodotto/bomboniere-comunione-e-confettate/bomboniere-comunione-bambina/;Bomboniere per Tipologia: Portafoto, Profumatori, Orologi > Bomboniere Calendario Perpetuo Personalizzabili;evento singolo (Comunione) -> categoria evento;
B;B - primaria sulla categoria padre invece che sulla figlia;spostare la primaria sulla sottocategoria;https://www.albalu.it/prodotto/bomboniera-comunione-croce-tau-sacra-famiglia-in-legno/;Bomboniera Comunione Croce Tau Sacra Famiglia in Legno;Bomboniere Comunione Maschio;Bomboniere e Confettate Prima Comunione Personalizzate;Bomboniere Comunione Maschio;Bomboniere e Confettate Prima Comunione Personalizzate > Bomboniere Comunione Maschio;https://www.albalu.it/categoria-prodotto/bomboniere-comunione-e-confettate/bomboniere-comunione-bambino/;Bomboniere e Confettate Prima Comunione Personalizzate > Bomboniere Comunione Maschio;evento singolo (Comunione) -> categoria evento;
B;B - primaria sulla categoria padre invece che sulla figlia;spostare la primaria sulla sottocategoria;https://www.albalu.it/prodotto/bomboniera-comunione-icona-sacra-famiglia-albero-della-vita/;Icona Sacra Famiglia Albero della Vita Comunione;Bomboniere per Comunione da Bambina | Bomboniere Comunione Maschio;Bomboniere e Confettate Prima Comunione Personalizzate;Bomboniere per Comunione da Bambina;Bomboniere e Confettate Prima Comunione Personalizzate > Bomboniere per Comunione da Bambina;https://www.albalu.it/categoria-prodotto/bomboniere-comunione-e-confettate/bomboniere-comunione-bambina/;Bomboniere e Confettate Prima Comunione Personalizzate > Bomboniere per Comunione da Bambina;evento singolo (Comunione) -> categoria evento;
B;B - primaria sulla categoria padre invece che sulla figlia;spostare la primaria sulla sottocategoria;https://www.albalu.it/prodotto/bomboniera-comunione-icona-sacra-famiglia-argento/;Icona Sacra Famiglia Argento Comunione;Bomboniere per Comunione da Bambina | Bomboniere Comunione Maschio;Bomboniere e Confettate Prima Comunione Personalizzate;Bomboniere per Comunione da Bambina;Bomboniere e Confettate Prima Comunione Personalizzate > Bomboniere per Comunione da Bambina;https://www.albalu.it/categoria-prodotto/bomboniere-comunione-e-confettate/bomboniere-comunione-bambina/;Bomboniere e Confettate Prima Comunione Personalizzate > Bomboniere per Comunione da Bambina;evento singolo (Comunione) -> categoria evento;
B;B - primaria sulla categoria padre invece che sulla figlia;spostare la primaria sulla sottocategoria;https://www.albalu.it/prodotto/bomboniera-comunione-icona-sacra-famiglia-aureole-dorate/;Icona Sacra Famiglia Aureole Dorate Comunione;Bomboniere per Comunione da Bambina;Bomboniere e Confettate Prima Comunione Personalizzate;Bomboniere per Comunione da Bambina;Bomboniere e Confettate Prima Comunione Personalizzate > Bomboniere per Comunione da Bambina;https://www.albalu.it/categoria-prodotto/bomboniere-comunione-e-confettate/bomboniere-comunione-bambina/;Bomboniere e Confettate Prima Comunione Personalizzate > Bomboniere per Comunione da Bambina;evento singolo (Comunione) -> categoria evento;
B;B - primaria sulla categoria padre invece che sulla figlia;spostare la primaria sulla sottocategoria;https://www.albalu.it/prodotto/bomboniera-comunione-icona-sacra-famiglia-cuore-oro/;Icona Sacra Famiglia Cuore Oro Comunione;Bomboniere per Comunione da Bambina | Bomboniere Comunione Maschio;Bomboniere e Confettate Prima Comunione Personalizzate;Bomboniere per Comunione da Bambina;Bomboniere e Confettate Prima Comunione Personalizzate > Bomboniere per Comunione da Bambina;https://www.albalu.it/categoria-prodotto/bomboniere-comunione-e-confettate/bomboniere-comunione-bambina/;Bomboniere e Confettate Prima Comunione Personalizzate > Bomboniere per Comunione da Bambina;evento singolo (Comunione) -> categoria evento;
B;B - primaria sulla categoria padre invece che sulla figlia;spostare la primaria sulla sottocategoria;https://www.albalu.it/prodotto/bomboniera-comunione-icona-sacra-famiglia-decoro-grigio/;Icona Sacra Famiglia Decoro Grigio Comunione;Bomboniere Comunione Maschio;Bomboniere e Confettate Prima Comunione Personalizzate;Bomboniere Comunione Maschio;Bomboniere e Confettate Prima Comunione Personalizzate > Bomboniere Comunione Maschio;https://www.albalu.it/categoria-prodotto/bomboniere-comunione-e-confettate/bomboniere-comunione-bambino/;Bomboniere e Confettate Prima Comunione Personalizzate > Bomboniere Comunione Maschio;evento singolo (Comunione) -> categoria evento;
B;B - primaria sulla categoria padre invece che sulla figlia;spostare la primaria sulla sottocategoria;https://www.albalu.it/prodotto/bomboniera-comunione-icona-sacra-famiglia-rosa-cipria/;Icona Sacra Famiglia Rosa Cipria Comunione;Bomboniere per Comunione da Bambina | Bomboniere Comunione Maschio;Bomboniere e Confettate Prima Comunione Personalizzate;Bomboniere per Comunione da Bambina;Bomboniere e Confettate Prima Comunione Personalizzate > Bomboniere per Comunione da Bambina;https://www.albalu.it/categoria-prodotto/bomboniere-comunione-e-confettate/bomboniere-comunione-bambina/;Bomboniere e Confettate Prima Comunione Personalizzate > Bomboniere per Comunione da Bambina;evento singolo (Comunione) -> categoria evento;
B;B - primaria sulla categoria padre invece che sulla figlia;spostare la primaria sulla sottocategoria;https://www.albalu.it/prodotto/bomboniera-comunione-orologio-albero-della-vita-calice/;Orologio Bomboniera Comunione Albero | Albalù;Bomboniere per Comunione da Bambina | Bomboniere Comunione Maschio | Bomboniere Albero della Vita;Bomboniere e Confettate Prima Comunione Personalizzate;Bomboniere per Comunione da Bambina;Bomboniere e Confettate Prima Comunione Personalizzate > Bomboniere per Comunione da Bambina;https://www.albalu.it/categoria-prodotto/bomboniere-comunione-e-confettate/bomboniere-comunione-bambina/;Bomboniere per tema > Bomboniere Albero della Vita: Simbolo di amore e radici;evento singolo (Comunione) -> categoria evento;
B;B - primaria sulla categoria padre invece che sulla figlia;spostare la primaria sulla sottocategoria;https://www.albalu.it/prodotto/bomboniera-comunione-piantina-grassa-vasetto-personalizzabile/;Bomboniera Comunione Piantina Grassa Vasetto Personalizzabile;Bomboniere per Comunione da Bambina | Bomboniere Comunione Maschio | Bomboniere Piante Grasse Personalizzabili;Bomboniere e Confettate Prima Comunione Personalizzate;Bomboniere per Comunione da Bambina;Bomboniere e Confettate Prima Comunione Personalizzate > Bomboniere per Comunione da Bambina;https://www.albalu.it/categoria-prodotto/bomboniere-comunione-e-confettate/bomboniere-comunione-bambina/;Bomboniere per Tipologia: Portafoto, Profumatori, Orologi > Bomboniere con Piante Grasse Vere Confezionate;evento singolo (Comunione) -> categoria evento;
B;B - primaria sulla categoria padre invece che sulla figlia;spostare la primaria sulla sottocategoria;https://www.albalu.it/prodotto/bomboniera-comunione-profumatore-pallavolo/;Bomboniere Comunione Pallavolo: Profumatore | Albalù;Bomboniere Comunione Maschio;Bomboniere e Confettate Prima Comunione Personalizzate;Bomboniere Comunione Maschio;Bomboniere e Confettate Prima Comunione Personalizzate > Bomboniere Comunione Maschio;https://www.albalu.it/categoria-prodotto/bomboniere-comunione-e-confettate/bomboniere-comunione-bambino/;Bomboniere e Confettate Prima Comunione Personalizzate > Bomboniere Comunione Maschio;evento singolo (Comunione) -> categoria evento;
B;B - primaria sulla categoria padre invece che sulla figlia;spostare la primaria sulla sottocategoria;https://www.albalu.it/prodotto/bomboniera-comunione-viaggio-macchina/;Bomboniera Comunione Viaggio Macchina Fotografica | Albalù;Bomboniere per Comunione da Bambina | Bomboniere Comunione Maschio;Bomboniere e Confettate Prima Comunione Personalizzate;Bomboniere per Comunione da Bambina;Bomboniere e Confettate Prima Comunione Personalizzate > Bomboniere per Comunione da Bambina;https://www.albalu.it/categoria-prodotto/bomboniere-comunione-e-confettate/bomboniere-comunione-bambina/;Bomboniere e Confettate Prima Comunione Personalizzate > Bomboniere per Comunione da Bambina;evento singolo (Comunione) -> categoria evento;
B;B - primaria sulla categoria padre invece che sulla figlia;spostare la primaria sulla sottocategoria;https://www.albalu.it/prodotto/bomboniera-lampada-esagonale-cresima/;Bomboniera Lampada Esagonale Comunione e Cresima;Bomboniere e Confettate Prima Comunione Personalizzate | Bomboniere Cresima Personalizzate, Utili e Moderne | Bomboniere Lampade Led Personalizzabili;Bomboniere per Tipologia: Portafoto, Profumatori, Orologi;Bomboniere Lampade Led Personalizzabili;Bomboniere per Tipologia: Portafoto, Profumatori, Orologi > Bomboniere Lampade Led Personalizzabili;https://www.albalu.it/categoria-prodotto/bomboniere-per-tipologia/bomboniere-lampade-led-personalizzabili/;Bomboniere per Tipologia: Portafoto, Profumatori, Orologi > Bomboniere Lampade Led Personalizzabili;multievento (Comunione, Cresima) -> tema/tipologia;
B;B - primaria sulla categoria padre invece che sulla figlia;spostare la primaria sulla sottocategoria;https://www.albalu.it/prodotto/bomboniera-portachiavi-comunione-confettata-in-legno-a-tema-bimbi/;Bomboniera Comunione Portachiavi Bimbo e Bimba che Pregano;Confettate e Segnaposto Comunione;Bomboniere e Confettate Prima Comunione Personalizzate;Confettate e Segnaposto Comunione;Bomboniere e Confettate Prima Comunione Personalizzate > Confettate e Segnaposto Comunione;https://www.albalu.it/categoria-prodotto/bomboniere-comunione-e-confettate/comunione-confettate-segnaposto/;Bomboniere e Confettate Prima Comunione Personalizzate > Confettate e Segnaposto Comunione;evento singolo (Comunione) -> categoria evento;
B;B - primaria sulla categoria padre invece che sulla figlia;spostare la primaria sulla sottocategoria;https://www.albalu.it/prodotto/bomboniera-portafoto-in-legno-con-stampa-casa/;Bomboniera Portafoto in legno con stampa casa;Bomboniere Portafoto Personalizzabili;Bomboniere per Tipologia: Portafoto, Profumatori, Orologi;Bomboniere Portafoto Personalizzabili;Bomboniere per Tipologia: Portafoto, Profumatori, Orologi > Bomboniere Portafoto Personalizzabili;https://www.albalu.it/categoria-prodotto/bomboniere-per-tipologia/bomboniere-portafoto-personalizzabili/;Bomboniere per Tipologia: Portafoto, Profumatori, Orologi > Bomboniere Portafoto Personalizzabili;nessun evento -> tema/tipologia/altro;
B;B - primaria sulla categoria padre invece che sulla figlia;spostare la primaria sulla sottocategoria;https://www.albalu.it/prodotto/bomboniera-portafoto-in-legno-con-stampa-fiori/;Bomboniera Portafoto in legno con stampa fiori;Bomboniere Portafoto Personalizzabili;Bomboniere per Tipologia: Portafoto, Profumatori, Orologi;Bomboniere Portafoto Personalizzabili;Bomboniere per Tipologia: Portafoto, Profumatori, Orologi > Bomboniere Portafoto Personalizzabili;https://www.albalu.it/categoria-prodotto/bomboniere-per-tipologia/bomboniere-portafoto-personalizzabili/;Bomboniere per Tipologia: Portafoto, Profumatori, Orologi > Bomboniere Portafoto Personalizzabili;nessun evento -> tema/tipologia/altro;
B;B - primaria sulla categoria padre invece che sulla figlia;spostare la primaria sulla sottocategoria;https://www.albalu.it/prodotto/bomboniera-portafoto-in-legno-con-stampa-mongolfiera/;Bomboniera Portafoto in legno con stampa mongolfiera;Bomboniere per Comunione da Bambina | Bomboniere Comunione Maschio | Anniversario di Matrimonio: Confettate e Segnaposto | Compleanno Confettate Segnaposto | Bomboniere Cresima Personalizzate, Utili e Moderne | Bomboniere Matrimonio Eleganti, Utili e Originali | Bomboniere Battesimo Personalizzate | Bomboniere Portafoto Personalizzabili;Bomboniere per Tipologia: Portafoto, Profumatori, Orologi;Bomboniere Portafoto Personalizzabili;Bomboniere per Tipologia: Portafoto, Profumatori, Orologi > Bomboniere Portafoto Personalizzabili;https://www.albalu.it/categoria-prodotto/bomboniere-per-tipologia/bomboniere-portafoto-personalizzabili/;Bomboniere per Tipologia: Portafoto, Profumatori, Orologi > Bomboniere Portafoto Personalizzabili;multievento (Anniversario, Battesimo, Compleanno, Comunione, Cresima, Matrimonio) -> tema/tipologia;
B;B - primaria sulla categoria padre invece che sulla figlia;spostare la primaria sulla sottocategoria;https://www.albalu.it/prodotto/bomboniera-portafoto-in-legno-con-stampa-quadrifogli/;Bomboniera Portafoto in legno con stampa quadrifogli;Bomboniere Portafoto Personalizzabili;Bomboniere per Tipologia: Portafoto, Profumatori, Orologi;Bomboniere Portafoto Personalizzabili;Bomboniere per Tipologia: Portafoto, Profumatori, Orologi > Bomboniere Portafoto Personalizzabili;https://www.albalu.it/categoria-prodotto/bomboniere-per-tipologia/bomboniere-portafoto-personalizzabili/;Bomboniere per Tipologia: Portafoto, Profumatori, Orologi > Bomboniere Portafoto Personalizzabili;nessun evento -> tema/tipologia/altro;
B;B - primaria sulla categoria padre invece che sulla figlia;spostare la primaria sulla sottocategoria;https://www.albalu.it/prodotto/bomboniera-portafoto-maestre-regalo-fine-anno-scolastico/;Bomboniera Portafoto Maestre – Regalo Fine Anno Scolastico;Bomboniere Portafoto Personalizzabili;Bomboniere per Tipologia: Portafoto, Profumatori, Orologi;Bomboniere Portafoto Personalizzabili;Bomboniere per Tipologia: Portafoto, Profumatori, Orologi > Bomboniere Portafoto Personalizzabili;https://www.albalu.it/categoria-prodotto/bomboniere-per-tipologia/bomboniere-portafoto-personalizzabili/;Bomboniere per Tipologia: Portafoto, Profumatori, Orologi > Bomboniere Portafoto Personalizzabili;nessun evento -> tema/tipologia/altro;
B;B - primaria sulla categoria padre invece che sulla figlia;spostare la primaria sulla sottocategoria;https://www.albalu.it/prodotto/bomboniera-portafoto-molletta-con-fiori/;Bomboniera Portafoto molletta con Fiori;Bomboniere Anniversario di Matrimonio Utili e Personalizzate | Bomboniere Matrimonio Eleganti, Utili e Originali | Bomboniere Portafoto Personalizzabili;Bomboniere per Tipologia: Portafoto, Profumatori, Orologi;Bomboniere Portafoto Personalizzabili;Bomboniere per Tipologia: Portafoto, Profumatori, Orologi > Bomboniere Portafoto Personalizzabili;https://www.albalu.it/categoria-prodotto/bomboniere-per-tipologia/bomboniere-portafoto-personalizzabili/;Bomboniere per Tipologia: Portafoto, Profumatori, Orologi > Bomboniere Portafoto Personalizzabili;multievento (Anniversario, Matrimonio) -> tema/tipologia;
B;B - primaria sulla categoria padre invece che sulla figlia;spostare la primaria sulla sottocategoria;https://www.albalu.it/prodotto/bomboniera-portafoto-molletta-con-mongolfiera/;Bomboniera Portafoto molletta con Mongolfiera;Bomboniere e Confettate Prima Comunione Personalizzate | Bomboniere Anniversario di Matrimonio Utili e Personalizzate | Bomboniere Compleanno | Bomboniere Cresima Personalizzate, Utili e Moderne | Bomboniere Matrimonio Eleganti, Utili e Originali | Bomboniere Battesimo Personalizzate | Bomboniere Portafoto Personalizzabili;Bomboniere per Tipologia: Portafoto, Profumatori, Orologi;Bomboniere Portafoto Personalizzabili;Bomboniere per Tipologia: Portafoto, Profumatori, Orologi > Bomboniere Portafoto Personalizzabili;https://www.albalu.it/categoria-prodotto/bomboniere-per-tipologia/bomboniere-portafoto-personalizzabili/;Bomboniere per Tipologia: Portafoto, Profumatori, Orologi > Bomboniere Portafoto Personalizzabili;multievento (Anniversario, Battesimo, Compleanno, Comunione, Cresima, Matrimonio) -> tema/tipologia;
B;B - primaria sulla categoria padre invece che sulla figlia;spostare la primaria sulla sottocategoria;https://www.albalu.it/prodotto/bomboniera-portafoto-molletta-con-quadrifogli/;Bomboniera Portafoto molletta con Quadrifogli;Bomboniere Compleanno | Bomboniere Laurea | Bomboniere Portafoto Personalizzabili;Bomboniere per Tipologia: Portafoto, Profumatori, Orologi;Bomboniere Portafoto Personalizzabili;Bomboniere per Tipologia: Portafoto, Profumatori, Orologi > Bomboniere Portafoto Personalizzabili;https://www.albalu.it/categoria-prodotto/bomboniere-per-tipologia/bomboniere-portafoto-personalizzabili/;Bomboniere per Tipologia: Portafoto, Profumatori, Orologi > Bomboniere Portafoto Personalizzabili;multievento (Compleanno, Laurea) -> tema/tipologia;
B;B - primaria sulla categoria padre invece che sulla figlia;spostare la primaria sulla sottocategoria;https://www.albalu.it/prodotto/bomboniera-portafoto-molletta-regalo-maestre-per-fine-anno/;Bomboniera Portafoto molletta regalo maestre per fine anno;Bomboniere Portafoto Personalizzabili;Bomboniere per Tipologia: Portafoto, Profumatori, Orologi;Bomboniere Portafoto Personalizzabili;Bomboniere per Tipologia: Portafoto, Profumatori, Orologi > Bomboniere Portafoto Personalizzabili;https://www.albalu.it/categoria-prodotto/bomboniere-per-tipologia/bomboniere-portafoto-personalizzabili/;Bomboniere per Tipologia: Portafoto, Profumatori, Orologi > Bomboniere Portafoto Personalizzabili;nessun evento -> tema/tipologia/altro;
B;B - primaria sulla categoria padre invece che sulla figlia;spostare la primaria sulla sottocategoria;https://www.albalu.it/prodotto/bomboniera-profumatore-albero-della-vita/;Bomboniera Profumatore Albero della Vita;Bomboniere Profumatori Ambienti Personalizzati;Bomboniere per Tipologia: Portafoto, Profumatori, Orologi;Bomboniere Profumatori Ambienti Personalizzati;Bomboniere per Tipologia: Portafoto, Profumatori, Orologi > Bomboniere Profumatori Ambienti Personalizzati;https://www.albalu.it/categoria-prodotto/bomboniere-per-tipologia/bomboniere-profumatori-ambienti-personalizzati/;Bomboniere per Tipologia: Portafoto, Profumatori, Orologi > Bomboniere Profumatori Ambienti Personalizzati;nessun evento -> tema/tipologia/altro;
B;B - primaria sulla categoria padre invece che sulla figlia;spostare la primaria sulla sottocategoria;https://www.albalu.it/prodotto/bomboniera-profumatore-cuore/;Bomboniera Profumatore Cuore;Bomboniere Profumatori Ambienti Personalizzati;Bomboniere per Tipologia: Portafoto, Profumatori, Orologi;Bomboniere Profumatori Ambienti Personalizzati;Bomboniere per Tipologia: Portafoto, Profumatori, Orologi > Bomboniere Profumatori Ambienti Personalizzati;https://www.albalu.it/categoria-prodotto/bomboniere-per-tipologia/bomboniere-profumatori-ambienti-personalizzati/;Bomboniere per Tipologia: Portafoto, Profumatori, Orologi > Bomboniere Profumatori Ambienti Personalizzati;nessun evento -> tema/tipologia/altro;
B;B - primaria sulla categoria padre invece che sulla figlia;spostare la primaria sulla sottocategoria;https://www.albalu.it/prodotto/bomboniera-profumatore-fiori/;Bomboniera Profumatore Fiori;Bomboniere Profumatori Ambienti Personalizzati;Bomboniere per Tipologia: Portafoto, Profumatori, Orologi;Bomboniere Profumatori Ambienti Personalizzati;Bomboniere per Tipologia: Portafoto, Profumatori, Orologi > Bomboniere Profumatori Ambienti Personalizzati;https://www.albalu.it/categoria-prodotto/bomboniere-per-tipologia/bomboniere-profumatori-ambienti-personalizzati/;Bomboniere per Tipologia: Portafoto, Profumatori, Orologi > Bomboniere Profumatori Ambienti Personalizzati;nessun evento -> tema/tipologia/altro;
B;B - primaria sulla categoria padre invece che sulla figlia;spostare la primaria sulla sottocategoria;https://www.albalu.it/prodotto/bomboniera-profumatore-nascita-e-battesimo-mongolfiera-personalizzabile/;Profumatore Battesimo Mongolfiera | Albalù;Bomboniere Compleanno | Bomboniere Battesimo Personalizzate | Bomboniere Profumatori Ambienti Personalizzati;Bomboniere per Tipologia: Portafoto, Profumatori, Orologi;Bomboniere Profumatori Ambienti Personalizzati;Bomboniere per Tipologia: Portafoto, Profumatori, Orologi > Bomboniere Profumatori Ambienti Personalizzati;https://www.albalu.it/categoria-prodotto/bomboniere-per-tipologia/bomboniere-profumatori-ambienti-personalizzati/;Bomboniere per Tipologia: Portafoto, Profumatori, Orologi > Bomboniere Profumatori Ambienti Personalizzati;multievento (Battesimo, Compleanno) -> tema/tipologia;
B;B - primaria sulla categoria padre invece che sulla figlia;spostare la primaria sulla sottocategoria;https://www.albalu.it/prodotto/bracciale-rosario-e-porta-rosario-in-metallo-diametro-4cm/;Bracciale Rosario e Porta Rosario in Metallo diametro 4cm;Idee Regalo Originali e Artigianali;Complementi d’arredo e idee regalo artigianali;Idee Regalo Originali e Artigianali;Complementi d’arredo e idee regalo artigianali > Idee Regalo Originali e Artigianali;https://www.albalu.it/categoria-prodotto/complementi-d-arredo-regali/regali/;Complementi d’arredo e idee regalo artigianali > Idee Regalo Originali e Artigianali;nessun evento -> tema/tipologia/altro;
B;B - primaria sulla categoria padre invece che sulla figlia;spostare la primaria sulla sottocategoria;https://www.albalu.it/prodotto/bracciale-santo-rosario-argentato-uomo-donna-portarosario-portapillole-in-pvc/;Portarosario in pc Placca Padre pio;Idee Regalo Originali e Artigianali;Complementi d’arredo e idee regalo artigianali;Idee Regalo Originali e Artigianali;Complementi d’arredo e idee regalo artigianali > Idee Regalo Originali e Artigianali;https://www.albalu.it/categoria-prodotto/complementi-d-arredo-regali/regali/;Complementi d’arredo e idee regalo artigianali > Idee Regalo Originali e Artigianali;nessun evento -> tema/tipologia/altro;
B;B - primaria sulla categoria padre invece che sulla figlia;spostare la primaria sulla sottocategoria;https://www.albalu.it/prodotto/calendario-perpetuo-regalo-maestre-fine-anno/;Calendario Perpetuo Regalo Maestre Fine Anno;Bomboniere Calendario Perpetuo Personalizzabili;Bomboniere per Tipologia: Portafoto, Profumatori, Orologi;Bomboniere Calendario Perpetuo Personalizzabili;Bomboniere per Tipologia: Portafoto, Profumatori, Orologi > Bomboniere Calendario Perpetuo Personalizzabili;https://www.albalu.it/categoria-prodotto/bomboniere-per-tipologia/bomboniere-calendario-perpetuo-personalizzabili/;Bomboniere per Tipologia: Portafoto, Profumatori, Orologi > Bomboniere Calendario Perpetuo Personalizzabili;nessun evento -> tema/tipologia/altro;
B;B - primaria sulla categoria padre invece che sulla figlia;spostare la primaria sulla sottocategoria;https://www.albalu.it/prodotto/capezzale-maternita-albero-della-vita/;Capezzale Maternità Albero della Vita;Outlet Quadri e Articoli da Regalo in Offerta;Complementi d’arredo e idee regalo artigianali;Outlet Quadri e Articoli da Regalo in Offerta;Complementi d’arredo e idee regalo artigianali > Outlet Quadri e Articoli da Regalo in Offerta;https://www.albalu.it/categoria-prodotto/complementi-d-arredo-regali/outlet-quadri-e-articoli-da-regalo/;Complementi d’arredo e idee regalo artigianali > Outlet Quadri e Articoli da Regalo in Offerta;nessun evento -> tema/tipologia/altro;
B;B - primaria sulla categoria padre invece che sulla figlia;spostare la primaria sulla sottocategoria;https://www.albalu.it/prodotto/capezzale-maternita-classico/;Capezzale Maternità Classico dipinto a mano su tela;Outlet Quadri e Articoli da Regalo in Offerta;Complementi d’arredo e idee regalo artigianali;Outlet Quadri e Articoli da Regalo in Offerta;Complementi d’arredo e idee regalo artigianali > Outlet Quadri e Articoli da Regalo in Offerta;https://www.albalu.it/categoria-prodotto/complementi-d-arredo-regali/outlet-quadri-e-articoli-da-regalo/;Complementi d’arredo e idee regalo artigianali > Outlet Quadri e Articoli da Regalo in Offerta;nessun evento -> tema/tipologia/altro;
B;B - primaria sulla categoria padre invece che sulla figlia;spostare la primaria sulla sottocategoria;https://www.albalu.it/prodotto/capezzale-maternita-in-argento-laminato-con-retro-in-legno/;Capezzale Maternità in Argento Laminato con retro in Legno;Idee Regalo Originali e Artigianali;Complementi d’arredo e idee regalo artigianali;Idee Regalo Originali e Artigianali;Complementi d’arredo e idee regalo artigianali > Idee Regalo Originali e Artigianali;https://www.albalu.it/categoria-prodotto/complementi-d-arredo-regali/regali/;Complementi d’arredo e idee regalo artigianali > Idee Regalo Originali e Artigianali;nessun evento -> tema/tipologia/altro;
B;B - primaria sulla categoria padre invece che sulla figlia;spostare la primaria sulla sottocategoria;https://www.albalu.it/prodotto/capezzale-moderno-maternita-flower-brown/;Capezzale Moderno Maternità Flower Brown;Outlet Quadri e Articoli da Regalo in Offerta;Complementi d’arredo e idee regalo artigianali;Outlet Quadri e Articoli da Regalo in Offerta;Complementi d’arredo e idee regalo artigianali > Outlet Quadri e Articoli da Regalo in Offerta;https://www.albalu.it/categoria-prodotto/complementi-d-arredo-regali/outlet-quadri-e-articoli-da-regalo/;Complementi d’arredo e idee regalo artigianali > Outlet Quadri e Articoli da Regalo in Offerta;nessun evento -> tema/tipologia/altro;
B;B - primaria sulla categoria padre invece che sulla figlia;spostare la primaria sulla sottocategoria;https://www.albalu.it/prodotto/capezzale-sacra-famiglia-dipinto-a-mano/;Capezzale Sacra Famiglia Dipinto a mano;Outlet Quadri e Articoli da Regalo in Offerta;Complementi d’arredo e idee regalo artigianali;Outlet Quadri e Articoli da Regalo in Offerta;Complementi d’arredo e idee regalo artigianali > Outlet Quadri e Articoli da Regalo in Offerta;https://www.albalu.it/categoria-prodotto/complementi-d-arredo-regali/outlet-quadri-e-articoli-da-regalo/;Complementi d’arredo e idee regalo artigianali > Outlet Quadri e Articoli da Regalo in Offerta;nessun evento -> tema/tipologia/altro;
B;B - primaria sulla categoria padre invece che sulla figlia;spostare la primaria sulla sottocategoria;https://www.albalu.it/prodotto/capezzale-ultima-cena-in-argento-laminato-con-retro-legno-e-scatola-da-regalo/;Capezzale Ultima Cena in Argento Laminato e Scatola Regalo;Idee Regalo Originali e Artigianali;Complementi d’arredo e idee regalo artigianali;Idee Regalo Originali e Artigianali;Complementi d’arredo e idee regalo artigianali > Idee Regalo Originali e Artigianali;https://www.albalu.it/categoria-prodotto/complementi-d-arredo-regali/regali/;Complementi d’arredo e idee regalo artigianali > Idee Regalo Originali e Artigianali;nessun evento -> tema/tipologia/altro;
B;B - primaria sulla categoria padre invece che sulla figlia;spostare la primaria sulla sottocategoria;https://www.albalu.it/prodotto/cavallo-rampante-in-resina-argentata-statua-scultura-scatola-regalo-inclusa-made-in-italy/;Cavallo Rampante in Resina Argentata Statua Scultura;Portafortuna in Resina Argentata;Complementi d’arredo e idee regalo artigianali;Portafortuna in Resina Argentata;Complementi d’arredo e idee regalo artigianali > Portafortuna in Resina Argentata;https://www.albalu.it/categoria-prodotto/complementi-d-arredo-regali/portafortuna-resina-argentata/;Complementi d’arredo e idee regalo artigianali > Portafortuna in Resina Argentata;nessun evento -> tema/tipologia/altro;
B;B - primaria sulla categoria padre invece che sulla figlia;spostare la primaria sulla sottocategoria;https://www.albalu.it/prodotto/cavallo-rampante-statua-scultura-in-resina-argento-misura-35-cm/;Cavallo Rampante Statua Scultura in Resina Argento Misura 35 cm;Portafortuna in Resina Argentata;Complementi d’arredo e idee regalo artigianali;Portafortuna in Resina Argentata;Complementi d’arredo e idee regalo artigianali > Portafortuna in Resina Argentata;https://www.albalu.it/categoria-prodotto/complementi-d-arredo-regali/portafortuna-resina-argentata/;Complementi d’arredo e idee regalo artigianali > Portafortuna in Resina Argentata;nessun evento -> tema/tipologia/altro;
B;B - primaria sulla categoria padre invece che sulla figlia;spostare la primaria sulla sottocategoria;https://www.albalu.it/prodotto/ciondolo-a-forma-di-croce-in-zama-argentata-con-dettaglio-calice-comunione-e-foro-per-portachiavi/;Ciondolo Croce Calice Comunione | Albalù;Confettate e Segnaposto Comunione | Bomboniere Religiose e Sacre;Bomboniere e Confettate Prima Comunione Personalizzate;Confettate e Segnaposto Comunione;Bomboniere e Confettate Prima Comunione Personalizzate > Confettate e Segnaposto Comunione;https://www.albalu.it/categoria-prodotto/bomboniere-comunione-e-confettate/comunione-confettate-segnaposto/;Bomboniere per tema > Bomboniere Religiose e Sacre;evento singolo (Comunione) -> categoria evento;
B;B - primaria sulla categoria padre invece che sulla figlia;spostare la primaria sulla sottocategoria;https://www.albalu.it/prodotto/collana-rosario-e-porta-rosario-in-metallo-sacra-famiglia-madonna-con-bambino-angeli-padre-pio-diametro-4cm/;Collana Rosario e Porta Rosario in Metallo con decoro Sacro;Idee Regalo Originali e Artigianali;Complementi d’arredo e idee regalo artigianali;Idee Regalo Originali e Artigianali;Complementi d’arredo e idee regalo artigianali > Idee Regalo Originali e Artigianali;https://www.albalu.it/categoria-prodotto/complementi-d-arredo-regali/regali/;Complementi d’arredo e idee regalo artigianali > Idee Regalo Originali e Artigianali;nessun evento -> tema/tipologia/altro;
B;B - primaria sulla categoria padre invece che sulla figlia;spostare la primaria sulla sottocategoria;https://www.albalu.it/prodotto/confettata-barattolino-vetro-portaconfetti-con-albero-della-vita-cuore-e-gabbietta/;Confettata Barattolino Vetro con Albero della vita, Cuore e gabbietta;Confettate e Segnaposto Comunione | Anniversario di Matrimonio: Confettate e Segnaposto | Bomboniere Compleanno | Compleanno Confettate Segnaposto | Segnaposto e Confettata Cresima Personalizzati | Segnaposto e Confettata Matrimonio Personalizzati | Segnaposto e Confettate Battesimo;Bomboniere e Confettate Prima Comunione Personalizzate;Confettate e Segnaposto Comunione;Bomboniere e Confettate Prima Comunione Personalizzate > Confettate e Segnaposto Comunione;https://www.albalu.it/categoria-prodotto/bomboniere-comunione-e-confettate/comunione-confettate-segnaposto/;Anniversario di Matrimonio: Confettate e Segnaposto;multievento (Anniversario, Battesimo, Compleanno, Comunione, Cresima, Matrimonio) -> tema/tipologia;multievento senza categoria tema/tipologia assegnata: valutare di assegnarne una
B;B - primaria sulla categoria padre invece che sulla figlia;spostare la primaria sulla sottocategoria;https://www.albalu.it/prodotto/confettata-sacchetto-confetti-bomboniera-comunione-bimbo-che-prega/;Confettata Comunione Bimbo che Prega | Albalù;Confettate e Segnaposto Comunione;Bomboniere e Confettate Prima Comunione Personalizzate;Confettate e Segnaposto Comunione;Bomboniere e Confettate Prima Comunione Personalizzate > Confettate e Segnaposto Comunione;https://www.albalu.it/categoria-prodotto/bomboniere-comunione-e-confettate/comunione-confettate-segnaposto/;Bomboniere e Confettate Prima Comunione Personalizzate > Confettate e Segnaposto Comunione;evento singolo (Comunione) -> categoria evento;
B;B - primaria sulla categoria padre invece che sulla figlia;spostare la primaria sulla sottocategoria;https://www.albalu.it/prodotto/confettata-sacchetto-portaconfetti-con-albero-della-vita-e-rete/;Confettata Albero della Vita e Rete | Albalù;Confettate e Segnaposto Comunione | Segnaposto e Confettata Cresima Personalizzati | Segnaposto e Confettata Matrimonio Personalizzati;Bomboniere e Confettate Prima Comunione Personalizzate;Confettate e Segnaposto Comunione;Bomboniere e Confettate Prima Comunione Personalizzate > Confettate e Segnaposto Comunione;https://www.albalu.it/categoria-prodotto/bomboniere-comunione-e-confettate/comunione-confettate-segnaposto/;Segnaposto e Confettata Matrimonio Personalizzati;multievento (Comunione, Cresima, Matrimonio) -> tema/tipologia;multievento senza categoria tema/tipologia assegnata: valutare di assegnarne una
B;B - primaria sulla categoria padre invece che sulla figlia;spostare la primaria sulla sottocategoria;https://www.albalu.it/prodotto/ferro-di-cavallo-in-resina-argentata-con-vischio-portafortuna/;Ferro di Cavallo Portafortuna con Vischio | Albalù;Portafortuna in Resina Argentata;Complementi d’arredo e idee regalo artigianali;Portafortuna in Resina Argentata;Complementi d’arredo e idee regalo artigianali > Portafortuna in Resina Argentata;https://www.albalu.it/categoria-prodotto/complementi-d-arredo-regali/portafortuna-resina-argentata/;Complementi d’arredo e idee regalo artigianali > Portafortuna in Resina Argentata;nessun evento -> tema/tipologia/altro;
B;B - primaria sulla categoria padre invece che sulla figlia;spostare la primaria sulla sottocategoria;https://www.albalu.it/prodotto/ferro-di-cavallo-portafortuna-con-soldi-in-resina-argentata/;Ferro di Cavallo Portafortuna Resina Argento | Albalù;Portafortuna in Resina Argentata;Complementi d’arredo e idee regalo artigianali;Portafortuna in Resina Argentata;Complementi d’arredo e idee regalo artigianali > Portafortuna in Resina Argentata;https://www.albalu.it/categoria-prodotto/complementi-d-arredo-regali/portafortuna-resina-argentata/;Complementi d’arredo e idee regalo artigianali > Portafortuna in Resina Argentata;nessun evento -> tema/tipologia/altro;
B;B - primaria sulla categoria padre invece che sulla figlia;spostare la primaria sulla sottocategoria;https://www.albalu.it/prodotto/icona-sacra-famiglia-in-argento-laminato-con-retro-in-legno/;Icona Sacra Famiglia in Argento Laminato con Retro in Legno;Idee Regalo Originali e Artigianali;Complementi d’arredo e idee regalo artigianali;Idee Regalo Originali e Artigianali;Complementi d’arredo e idee regalo artigianali > Idee Regalo Originali e Artigianali;https://www.albalu.it/categoria-prodotto/complementi-d-arredo-regali/regali/;Complementi d’arredo e idee regalo artigianali > Idee Regalo Originali e Artigianali;nessun evento -> tema/tipologia/altro;
B;B - primaria sulla categoria padre invece che sulla figlia;spostare la primaria sulla sottocategoria;https://www.albalu.it/prodotto/icona-stampata-su-pelle-e-retro-in-legno-da-appendere-o-da-appoggio/;Quadretto Albero della vita e sacra famiglia in pelle;Quadri Dipinti a Mano su Tela Made in Italy;Complementi d’arredo e idee regalo artigianali;Quadri Dipinti a Mano su Tela Made in Italy;Complementi d’arredo e idee regalo artigianali > Quadri Dipinti a Mano su Tela Made in Italy;https://www.albalu.it/categoria-prodotto/complementi-d-arredo-regali/quadri-dipinti-a-mano-made-in-italy/;Complementi d’arredo e idee regalo artigianali > Quadri Dipinti a Mano su Tela Made in Italy;nessun evento -> tema/tipologia/altro;
B;B - primaria sulla categoria padre invece che sulla figlia;spostare la primaria sulla sottocategoria;https://www.albalu.it/prodotto/magnete-bomboniera-ballerina/;Magnete Bomboniera Ballerina Personalizzato | Albalù;Bomboniere per Comunione da Bambina | Confettate e Segnaposto Comunione | Bomboniere Compleanno | Compleanno Confettate Segnaposto;Bomboniere e Confettate Prima Comunione Personalizzate;Bomboniere per Comunione da Bambina;Bomboniere e Confettate Prima Comunione Personalizzate > Bomboniere per Comunione da Bambina;https://www.albalu.it/categoria-prodotto/bomboniere-comunione-e-confettate/bomboniere-comunione-bambina/;Compleanno Confettate Segnaposto;multievento (Compleanno, Comunione) -> tema/tipologia;multievento senza categoria tema/tipologia assegnata: valutare di assegnarne una
B;B - primaria sulla categoria padre invece che sulla figlia;spostare la primaria sulla sottocategoria;https://www.albalu.it/prodotto/magnete-bomboniera-comunione-calice/;Magnete Bomboniera Comunione Calice | Albalù;Bomboniere per Comunione da Bambina | Bomboniere Comunione Maschio | Confettate e Segnaposto Comunione;Bomboniere e Confettate Prima Comunione Personalizzate;Bomboniere per Comunione da Bambina;Bomboniere e Confettate Prima Comunione Personalizzate > Bomboniere per Comunione da Bambina;https://www.albalu.it/categoria-prodotto/bomboniere-comunione-e-confettate/bomboniere-comunione-bambina/;Bomboniere e Confettate Prima Comunione Personalizzate > Confettate e Segnaposto Comunione;evento singolo (Comunione) -> categoria evento;
B;B - primaria sulla categoria padre invece che sulla figlia;spostare la primaria sulla sottocategoria;https://www.albalu.it/prodotto/orologio-da-parete-con-cuori-grigio/;Orologio da Parete Soggiorno Cuori Grigio | Albalu;Orologi da Parete di Design Artigianali Made in Italy;Complementi d’arredo e idee regalo artigianali;Orologi da Parete di Design Artigianali Made in Italy;Complementi d’arredo e idee regalo artigianali > Orologi da Parete di Design Artigianali Made in Italy;https://www.albalu.it/categoria-prodotto/complementi-d-arredo-regali/orologi-da-parete/;Complementi d’arredo e idee regalo artigianali > Orologi da Parete di Design Artigianali Made in Italy;nessun evento -> tema/tipologia/altro;
B;B - primaria sulla categoria padre invece che sulla figlia;spostare la primaria sulla sottocategoria;https://www.albalu.it/prodotto/orologio-da-parete-con-farfalle-grigio/;Orologio da Parete Moderno Farfalle Grigio | Albalu;Orologi da Parete di Design Artigianali Made in Italy;Complementi d’arredo e idee regalo artigianali;Orologi da Parete di Design Artigianali Made in Italy;Complementi d’arredo e idee regalo artigianali > Orologi da Parete di Design Artigianali Made in Italy;https://www.albalu.it/categoria-prodotto/complementi-d-arredo-regali/orologi-da-parete/;Complementi d’arredo e idee regalo artigianali > Orologi da Parete di Design Artigianali Made in Italy;nessun evento -> tema/tipologia/altro;
B;B - primaria sulla categoria padre invece che sulla figlia;spostare la primaria sulla sottocategoria;https://www.albalu.it/prodotto/orologio-da-parete-con-farfalle-tortora/;Orologio da Parete Design Farfalle Tortora | Albalu;Orologi da Parete di Design Artigianali Made in Italy;Complementi d’arredo e idee regalo artigianali;Orologi da Parete di Design Artigianali Made in Italy;Complementi d’arredo e idee regalo artigianali > Orologi da Parete di Design Artigianali Made in Italy;https://www.albalu.it/categoria-prodotto/complementi-d-arredo-regali/orologi-da-parete/;Complementi d’arredo e idee regalo artigianali > Orologi da Parete di Design Artigianali Made in Italy;nessun evento -> tema/tipologia/altro;
B;B - primaria sulla categoria padre invece che sulla figlia;spostare la primaria sulla sottocategoria;https://www.albalu.it/prodotto/orologio-da-parete-con-fiori-colore-grigio/;Orologio da Parete Moderno Fiori Grigio | Albalu;Orologi da Parete di Design Artigianali Made in Italy;Complementi d’arredo e idee regalo artigianali;Orologi da Parete di Design Artigianali Made in Italy;Complementi d’arredo e idee regalo artigianali > Orologi da Parete di Design Artigianali Made in Italy;https://www.albalu.it/categoria-prodotto/complementi-d-arredo-regali/orologi-da-parete/;Complementi d’arredo e idee regalo artigianali > Orologi da Parete di Design Artigianali Made in Italy;nessun evento -> tema/tipologia/altro;
B;B - primaria sulla categoria padre invece che sulla figlia;spostare la primaria sulla sottocategoria;https://www.albalu.it/prodotto/orologio-su-tela-macchina-500-con-cornice-oro-quadro-100-made-in-italy/;Orologio da Parete su Tela Fiat 500 | Albalù;Outlet Quadri e Articoli da Regalo in Offerta;Complementi d’arredo e idee regalo artigianali;Outlet Quadri e Articoli da Regalo in Offerta;Complementi d’arredo e idee regalo artigianali > Outlet Quadri e Articoli da Regalo in Offerta;https://www.albalu.it/categoria-prodotto/complementi-d-arredo-regali/outlet-quadri-e-articoli-da-regalo/;Complementi d’arredo e idee regalo artigianali > Outlet Quadri e Articoli da Regalo in Offerta;nessun evento -> tema/tipologia/altro;
B;B - primaria sulla categoria padre invece che sulla figlia;spostare la primaria sulla sottocategoria;https://www.albalu.it/prodotto/portachiavi-in-legno-sagomato-personalizzabile-con-immagine-e-tag-spotify-scannerizzabile/;Portachiavi In Legno Sagomato Personalizzabile Con Immagine e Tag Spotify Scannerizzabile;Idee Regalo Originali e Artigianali;Complementi d’arredo e idee regalo artigianali;Idee Regalo Originali e Artigianali;Complementi d’arredo e idee regalo artigianali > Idee Regalo Originali e Artigianali;https://www.albalu.it/categoria-prodotto/complementi-d-arredo-regali/regali/;Complementi d’arredo e idee regalo artigianali > Idee Regalo Originali e Artigianali;nessun evento -> tema/tipologia/altro;
B;B - primaria sulla categoria padre invece che sulla figlia;spostare la primaria sulla sottocategoria;https://www.albalu.it/prodotto/portafoto-in-legno-personalizzato-con-elefanti/;Portafoto in legno personalizzato con Elefanti;Portafoto Personalizzati con Nome, Idea Regalo;Complementi d’arredo e idee regalo artigianali;Portafoto Personalizzati con Nome, Idea Regalo;Complementi d’arredo e idee regalo artigianali > Portafoto Personalizzati con Nome, Idea Regalo;https://www.albalu.it/categoria-prodotto/complementi-d-arredo-regali/portafoto-personalizzati-nome/;Complementi d’arredo e idee regalo artigianali > Portafoto Personalizzati con Nome, Idea Regalo;nessun evento -> tema/tipologia/altro;
B;B - primaria sulla categoria padre invece che sulla figlia;spostare la primaria sulla sottocategoria;https://www.albalu.it/prodotto/portafoto-in-legno-personalizzato-con-mongolfiere/;Portafoto in legno personalizzato con Mongolfiere Albalù Bomboniere;Portafoto Personalizzati con Nome, Idea Regalo;Complementi d’arredo e idee regalo artigianali;Portafoto Personalizzati con Nome, Idea Regalo;Complementi d’arredo e idee regalo artigianali > Portafoto Personalizzati con Nome, Idea Regalo;https://www.albalu.it/categoria-prodotto/complementi-d-arredo-regali/portafoto-personalizzati-nome/;Complementi d’arredo e idee regalo artigianali > Portafoto Personalizzati con Nome, Idea Regalo;nessun evento -> tema/tipologia/altro;
B;B - primaria sulla categoria padre invece che sulla figlia;spostare la primaria sulla sottocategoria;https://www.albalu.it/prodotto/portafoto-in-legno-personalizzato-con-orsi/;Portafoto in legno personalizzato con Orsi;Portafoto Personalizzati con Nome, Idea Regalo;Complementi d’arredo e idee regalo artigianali;Portafoto Personalizzati con Nome, Idea Regalo;Complementi d’arredo e idee regalo artigianali > Portafoto Personalizzati con Nome, Idea Regalo;https://www.albalu.it/categoria-prodotto/complementi-d-arredo-regali/portafoto-personalizzati-nome/;Complementi d’arredo e idee regalo artigianali > Portafoto Personalizzati con Nome, Idea Regalo;nessun evento -> tema/tipologia/altro;
B;B - primaria sulla categoria padre invece che sulla figlia;spostare la primaria sulla sottocategoria;https://www.albalu.it/prodotto/portafoto-personalizzato-regalo-maestre-fine-anno/;Portafoto Personalizzato Regalo Maestre Fine Anno;Bomboniere Portafoto Personalizzabili;Bomboniere per Tipologia: Portafoto, Profumatori, Orologi;Bomboniere Portafoto Personalizzabili;Bomboniere per Tipologia: Portafoto, Profumatori, Orologi > Bomboniere Portafoto Personalizzabili;https://www.albalu.it/categoria-prodotto/bomboniere-per-tipologia/bomboniere-portafoto-personalizzabili/;Bomboniere per Tipologia: Portafoto, Profumatori, Orologi > Bomboniere Portafoto Personalizzabili;nessun evento -> tema/tipologia/altro;
B;B - primaria sulla categoria padre invece che sulla figlia;spostare la primaria sulla sottocategoria;https://www.albalu.it/prodotto/profumatore-regalo-maestre-fine-anno-personalizzabile/;Profumatore Regalo Maestre Fine Anno Personalizzabile;Bomboniere Profumatori Ambienti Personalizzati;Bomboniere per Tipologia: Portafoto, Profumatori, Orologi;Bomboniere Profumatori Ambienti Personalizzati;Bomboniere per Tipologia: Portafoto, Profumatori, Orologi > Bomboniere Profumatori Ambienti Personalizzati;https://www.albalu.it/categoria-prodotto/bomboniere-per-tipologia/bomboniere-profumatori-ambienti-personalizzati/;Bomboniere per Tipologia: Portafoto, Profumatori, Orologi > Bomboniere Profumatori Ambienti Personalizzati;nessun evento -> tema/tipologia/altro;
B;B - primaria sulla categoria padre invece che sulla figlia;spostare la primaria sulla sottocategoria;https://www.albalu.it/prodotto/quadro-astratto-dipinto-a-mano/;Quadro Astratto Dipinto a Mano su Tela | Albalù;Outlet Quadri e Articoli da Regalo in Offerta | Quadri Dipinti a Mano su Tela Made in Italy;Complementi d’arredo e idee regalo artigianali;Outlet Quadri e Articoli da Regalo in Offerta;Complementi d’arredo e idee regalo artigianali > Outlet Quadri e Articoli da Regalo in Offerta;https://www.albalu.it/categoria-prodotto/complementi-d-arredo-regali/outlet-quadri-e-articoli-da-regalo/;Complementi d’arredo e idee regalo artigianali > Outlet Quadri e Articoli da Regalo in Offerta;nessun evento -> tema/tipologia/altro;
B;B - primaria sulla categoria padre invece che sulla figlia;spostare la primaria sulla sottocategoria;https://www.albalu.it/prodotto/quadro-calle-panna-con-contorno-argento-quadro-100-made-in-italy/;Quadro Calle panna con contorno Argento;Outlet Quadri e Articoli da Regalo in Offerta | Quadri Dipinti a Mano su Tela Made in Italy;Complementi d’arredo e idee regalo artigianali;Outlet Quadri e Articoli da Regalo in Offerta;Complementi d’arredo e idee regalo artigianali > Outlet Quadri e Articoli da Regalo in Offerta;https://www.albalu.it/categoria-prodotto/complementi-d-arredo-regali/outlet-quadri-e-articoli-da-regalo/;Complementi d’arredo e idee regalo artigianali > Outlet Quadri e Articoli da Regalo in Offerta;nessun evento -> tema/tipologia/altro;
B;B - primaria sulla categoria padre invece che sulla figlia;spostare la primaria sulla sottocategoria;https://www.albalu.it/prodotto/quadro-cristo-bianco-in-resina-e-retro-cuore-legno-grigio-laccato-quadro-100-made-in-italy/;Quadro Cristo Bianco in Resina e Retro Cuore Legno Grigio;Outlet Quadri e Articoli da Regalo in Offerta | Quadri Dipinti a Mano su Tela Made in Italy;Complementi d’arredo e idee regalo artigianali;Outlet Quadri e Articoli da Regalo in Offerta;Complementi d’arredo e idee regalo artigianali > Outlet Quadri e Articoli da Regalo in Offerta;https://www.albalu.it/categoria-prodotto/complementi-d-arredo-regali/outlet-quadri-e-articoli-da-regalo/;Complementi d’arredo e idee regalo artigianali > Outlet Quadri e Articoli da Regalo in Offerta;nessun evento -> tema/tipologia/altro;
B;B - primaria sulla categoria padre invece che sulla figlia;spostare la primaria sulla sottocategoria;https://www.albalu.it/prodotto/quadro-fiore-stuccato-a-mano-con-riporti-argento-quadro-100-made-in-italy/;Quadro fiore Stuccato a Mano con Riporti Argento;Outlet Quadri e Articoli da Regalo in Offerta | Quadri Dipinti a Mano su Tela Made in Italy;Complementi d’arredo e idee regalo artigianali;Outlet Quadri e Articoli da Regalo in Offerta;Complementi d’arredo e idee regalo artigianali > Outlet Quadri e Articoli da Regalo in Offerta;https://www.albalu.it/categoria-prodotto/complementi-d-arredo-regali/outlet-quadri-e-articoli-da-regalo/;Complementi d’arredo e idee regalo artigianali > Outlet Quadri e Articoli da Regalo in Offerta;nessun evento -> tema/tipologia/altro;
B;B - primaria sulla categoria padre invece che sulla figlia;spostare la primaria sulla sottocategoria;https://www.albalu.it/prodotto/quadro-orologio-albero-vita-4-pannelli/;Orologio Parete Moderno Albero Vita 120 | Albalu;Orologi da Parete di Design Artigianali Made in Italy;Complementi d’arredo e idee regalo artigianali;Orologi da Parete di Design Artigianali Made in Italy;Complementi d’arredo e idee regalo artigianali > Orologi da Parete di Design Artigianali Made in Italy;https://www.albalu.it/categoria-prodotto/complementi-d-arredo-regali/orologi-da-parete/;Complementi d’arredo e idee regalo artigianali > Orologi da Parete di Design Artigianali Made in Italy;nessun evento -> tema/tipologia/altro;
B;B - primaria sulla categoria padre invece che sulla figlia;spostare la primaria sulla sottocategoria;https://www.albalu.it/prodotto/quadro-orologio-albero-vita-bipannello/;Orologio Parete Design Albero Vita 100 | Albalu;Orologi da Parete di Design Artigianali Made in Italy;Complementi d’arredo e idee regalo artigianali;Orologi da Parete di Design Artigianali Made in Italy;Complementi d’arredo e idee regalo artigianali > Orologi da Parete di Design Artigianali Made in Italy;https://www.albalu.it/categoria-prodotto/complementi-d-arredo-regali/orologi-da-parete/;Complementi d’arredo e idee regalo artigianali > Orologi da Parete di Design Artigianali Made in Italy;nessun evento -> tema/tipologia/altro;
B;B - primaria sulla categoria padre invece che sulla figlia;spostare la primaria sulla sottocategoria;https://www.albalu.it/prodotto/quadro-orologio-albero-vita-oro/;Orologio Parete Grande Moderno Albero Oro | Albalu;Orologi da Parete di Design Artigianali Made in Italy;Complementi d’arredo e idee regalo artigianali;Orologi da Parete di Design Artigianali Made in Italy;Complementi d’arredo e idee regalo artigianali > Orologi da Parete di Design Artigianali Made in Italy;https://www.albalu.it/categoria-prodotto/complementi-d-arredo-regali/orologi-da-parete/;Complementi d’arredo e idee regalo artigianali > Orologi da Parete di Design Artigianali Made in Italy;nessun evento -> tema/tipologia/altro;
B;B - primaria sulla categoria padre invece che sulla figlia;spostare la primaria sulla sottocategoria;https://www.albalu.it/prodotto/quadro-orologio-albero-vita-tortora-grigio/;Orologio da Parete Design Albero Vita | Albalu;Orologi da Parete di Design Artigianali Made in Italy;Complementi d’arredo e idee regalo artigianali;Orologi da Parete di Design Artigianali Made in Italy;Complementi d’arredo e idee regalo artigianali > Orologi da Parete di Design Artigianali Made in Italy;https://www.albalu.it/categoria-prodotto/complementi-d-arredo-regali/orologi-da-parete/;Complementi d’arredo e idee regalo artigianali > Orologi da Parete di Design Artigianali Made in Italy;nessun evento -> tema/tipologia/altro;
B;B - primaria sulla categoria padre invece che sulla figlia;spostare la primaria sulla sottocategoria;https://www.albalu.it/prodotto/quadro-orologio-astratto-bipannello/;Orologio Parete Moderno Astratto Bipannello | Albalu;Orologi da Parete di Design Artigianali Made in Italy;Complementi d’arredo e idee regalo artigianali;Orologi da Parete di Design Artigianali Made in Italy;Complementi d’arredo e idee regalo artigianali > Orologi da Parete di Design Artigianali Made in Italy;https://www.albalu.it/categoria-prodotto/complementi-d-arredo-regali/orologi-da-parete/;Complementi d’arredo e idee regalo artigianali > Orologi da Parete di Design Artigianali Made in Italy;nessun evento -> tema/tipologia/altro;
B;B - primaria sulla categoria padre invece che sulla figlia;spostare la primaria sulla sottocategoria;https://www.albalu.it/prodotto/quadro-orologio-astratto-cerchi-marrone/;Orologio Parete Soggiorno Astratto Marrone | Albalu;Orologi da Parete di Design Artigianali Made in Italy;Complementi d’arredo e idee regalo artigianali;Orologi da Parete di Design Artigianali Made in Italy;Complementi d’arredo e idee regalo artigianali > Orologi da Parete di Design Artigianali Made in Italy;https://www.albalu.it/categoria-prodotto/complementi-d-arredo-regali/orologi-da-parete/;Complementi d’arredo e idee regalo artigianali > Orologi da Parete di Design Artigianali Made in Italy;nessun evento -> tema/tipologia/altro;
B;B - primaria sulla categoria padre invece che sulla figlia;spostare la primaria sulla sottocategoria;https://www.albalu.it/prodotto/quadro-orologio-astratto-geometrico/;Orologio Parete Design Astratto Geometrico | Albalu;Orologi da Parete di Design Artigianali Made in Italy;Complementi d’arredo e idee regalo artigianali;Orologi da Parete di Design Artigianali Made in Italy;Complementi d’arredo e idee regalo artigianali > Orologi da Parete di Design Artigianali Made in Italy;https://www.albalu.it/categoria-prodotto/complementi-d-arredo-regali/orologi-da-parete/;Complementi d’arredo e idee regalo artigianali > Orologi da Parete di Design Artigianali Made in Italy;nessun evento -> tema/tipologia/altro;
B;B - primaria sulla categoria padre invece che sulla figlia;spostare la primaria sulla sottocategoria;https://www.albalu.it/prodotto/quadro-orologio-astratto-grigio-cerchi/;Orologio da Parete Grande Moderno Grigio | Albalu;Orologi da Parete di Design Artigianali Made in Italy;Complementi d’arredo e idee regalo artigianali;Orologi da Parete di Design Artigianali Made in Italy;Complementi d’arredo e idee regalo artigianali > Orologi da Parete di Design Artigianali Made in Italy;https://www.albalu.it/categoria-prodotto/complementi-d-arredo-regali/orologi-da-parete/;Complementi d’arredo e idee regalo artigianali > Orologi da Parete di Design Artigianali Made in Italy;nessun evento -> tema/tipologia/altro;
B;B - primaria sulla categoria padre invece che sulla figlia;spostare la primaria sulla sottocategoria;https://www.albalu.it/prodotto/quadro-orologio-astratto-tortora/;Orologio Parete Soggiorno Astratto Tortora | Albalu;Orologi da Parete di Design Artigianali Made in Italy;Complementi d’arredo e idee regalo artigianali;Orologi da Parete di Design Artigianali Made in Italy;Complementi d’arredo e idee regalo artigianali > Orologi da Parete di Design Artigianali Made in Italy;https://www.albalu.it/categoria-prodotto/complementi-d-arredo-regali/orologi-da-parete/;Complementi d’arredo e idee regalo artigianali > Orologi da Parete di Design Artigianali Made in Italy;nessun evento -> tema/tipologia/altro;
B;B - primaria sulla categoria padre invece che sulla figlia;spostare la primaria sulla sottocategoria;https://www.albalu.it/prodotto/quadro-orologio-fiori-pesco/;Orologio Parete Soggiorno Fiori di Pesco | Albalu;Orologi da Parete di Design Artigianali Made in Italy;Complementi d’arredo e idee regalo artigianali;Orologi da Parete di Design Artigianali Made in Italy;Complementi d’arredo e idee regalo artigianali > Orologi da Parete di Design Artigianali Made in Italy;https://www.albalu.it/categoria-prodotto/complementi-d-arredo-regali/orologi-da-parete/;Complementi d’arredo e idee regalo artigianali > Orologi da Parete di Design Artigianali Made in Italy;nessun evento -> tema/tipologia/altro;
B;B - primaria sulla categoria padre invece che sulla figlia;spostare la primaria sulla sottocategoria;https://www.albalu.it/prodotto/quadro-su-tela-albero-della-vita-multipannello/;Quadro su Tela Albero della Vita Multipannello;Quadri Dipinti a Mano su Tela Made in Italy;Complementi d’arredo e idee regalo artigianali;Quadri Dipinti a Mano su Tela Made in Italy;Complementi d’arredo e idee regalo artigianali > Quadri Dipinti a Mano su Tela Made in Italy;https://www.albalu.it/categoria-prodotto/complementi-d-arredo-regali/quadri-dipinti-a-mano-made-in-italy/;Complementi d’arredo e idee regalo artigianali > Quadri Dipinti a Mano su Tela Made in Italy;nessun evento -> tema/tipologia/altro;
B;B - primaria sulla categoria padre invece che sulla figlia;spostare la primaria sulla sottocategoria;https://www.albalu.it/prodotto/quadro-su-tela-donna-cappello-rosso-love-multipannello/;Quadro su Tela Donna Cappello Rosso Love Multipannello;Quadri Dipinti a Mano su Tela Made in Italy;Complementi d’arredo e idee regalo artigianali;Quadri Dipinti a Mano su Tela Made in Italy;Complementi d’arredo e idee regalo artigianali > Quadri Dipinti a Mano su Tela Made in Italy;https://www.albalu.it/categoria-prodotto/complementi-d-arredo-regali/quadri-dipinti-a-mano-made-in-italy/;Complementi d’arredo e idee regalo artigianali > Quadri Dipinti a Mano su Tela Made in Italy;nessun evento -> tema/tipologia/altro;
B;B - primaria sulla categoria padre invece che sulla figlia;spostare la primaria sulla sottocategoria;https://www.albalu.it/prodotto/quadro-su-tela-donna-cappello-rosso-multipannello/;Quadro su Tela Donna Cappello Rosso Multipannello;Quadri Dipinti a Mano su Tela Made in Italy;Complementi d’arredo e idee regalo artigianali;Quadri Dipinti a Mano su Tela Made in Italy;Complementi d’arredo e idee regalo artigianali > Quadri Dipinti a Mano su Tela Made in Italy;https://www.albalu.it/categoria-prodotto/complementi-d-arredo-regali/quadri-dipinti-a-mano-made-in-italy/;Complementi d’arredo e idee regalo artigianali > Quadri Dipinti a Mano su Tela Made in Italy;nessun evento -> tema/tipologia/altro;
B;B - primaria sulla categoria padre invece che sulla figlia;spostare la primaria sulla sottocategoria;https://www.albalu.it/prodotto/quadro-su-tela-maternita-oro/;Quadro su Tela Maternità Oro Dipinto a mano;Quadri Dipinti a Mano su Tela Made in Italy;Complementi d’arredo e idee regalo artigianali;Quadri Dipinti a Mano su Tela Made in Italy;Complementi d’arredo e idee regalo artigianali > Quadri Dipinti a Mano su Tela Made in Italy;https://www.albalu.it/categoria-prodotto/complementi-d-arredo-regali/quadri-dipinti-a-mano-made-in-italy/;Complementi d’arredo e idee regalo artigianali > Quadri Dipinti a Mano su Tela Made in Italy;nessun evento -> tema/tipologia/altro;
B;B - primaria sulla categoria padre invece che sulla figlia;spostare la primaria sulla sottocategoria;https://www.albalu.it/prodotto/sacchetto-portaconfetti-in-organza-avvolta-in-rete-celeste-con-nastro-e-applicazione-crocifisso-in-zama-argentata/;Sacchetto Portaconfetti Comunione Rete Celeste con Croce zama;Confettate e Segnaposto Comunione | Bomboniere Religiose e Sacre;Bomboniere e Confettate Prima Comunione Personalizzate;Confettate e Segnaposto Comunione;Bomboniere e Confettate Prima Comunione Personalizzate > Confettate e Segnaposto Comunione;https://www.albalu.it/categoria-prodotto/bomboniere-comunione-e-confettate/comunione-confettate-segnaposto/;Bomboniere per tema > Bomboniere Religiose e Sacre;evento singolo (Comunione) -> categoria evento;
B;B - primaria sulla categoria padre invece che sulla figlia;spostare la primaria sulla sottocategoria;https://www.albalu.it/prodotto/scopa-scacciaguai-con-vischio/;Scopa Scacciaguai con Vischio in Resina | Albalù;Portafortuna in Resina Argentata;Complementi d’arredo e idee regalo artigianali;Portafortuna in Resina Argentata;Complementi d’arredo e idee regalo artigianali > Portafortuna in Resina Argentata;https://www.albalu.it/categoria-prodotto/complementi-d-arredo-regali/portafortuna-resina-argentata/;Complementi d’arredo e idee regalo artigianali > Portafortuna in Resina Argentata;nessun evento -> tema/tipologia/altro;
B;B - primaria sulla categoria padre invece che sulla figlia;spostare la primaria sulla sottocategoria;https://www.albalu.it/prodotto/scopa-scacciaguai-portafortuna-in-resina-argentata-con-nastro/;Scopa Scacciaguai Portafortuna in Resina | Albalù;Portafortuna in Resina Argentata;Complementi d’arredo e idee regalo artigianali;Portafortuna in Resina Argentata;Complementi d’arredo e idee regalo artigianali > Portafortuna in Resina Argentata;https://www.albalu.it/categoria-prodotto/complementi-d-arredo-regali/portafortuna-resina-argentata/;Complementi d’arredo e idee regalo artigianali > Portafortuna in Resina Argentata;nessun evento -> tema/tipologia/altro;
B;B - primaria sulla categoria padre invece che sulla figlia;spostare la primaria sulla sottocategoria;https://www.albalu.it/prodotto/statua-dea-bendata-portafortuna-eretta/;Statua Dea Bendata Portafortuna Eretta | Albalù;Portafortuna in Resina Argentata;Complementi d’arredo e idee regalo artigianali;Portafortuna in Resina Argentata;Complementi d’arredo e idee regalo artigianali > Portafortuna in Resina Argentata;https://www.albalu.it/categoria-prodotto/complementi-d-arredo-regali/portafortuna-resina-argentata/;Complementi d’arredo e idee regalo artigianali > Portafortuna in Resina Argentata;nessun evento -> tema/tipologia/altro;
B;B - primaria sulla categoria padre invece che sulla figlia;spostare la primaria sulla sottocategoria;https://www.albalu.it/prodotto/statua-della-dea-bendata-portafortuna-in-resina-argentata-su-cornucopia-di-soldi-oro-e-argento/;Dea Bendata Statua Portafortuna in Resina Argentata;Portafortuna in Resina Argentata;Complementi d’arredo e idee regalo artigianali;Portafortuna in Resina Argentata;Complementi d’arredo e idee regalo artigianali > Portafortuna in Resina Argentata;https://www.albalu.it/categoria-prodotto/complementi-d-arredo-regali/portafortuna-resina-argentata/;Complementi d’arredo e idee regalo artigianali > Portafortuna in Resina Argentata;nessun evento -> tema/tipologia/altro;
B;B - primaria sulla categoria padre invece che sulla figlia;spostare la primaria sulla sottocategoria;https://www.albalu.it/prodotto/statua-toro-in-resina-argentata-lucida/;Statua Toro in Resina Argentata Lucida;Portafortuna in Resina Argentata;Complementi d’arredo e idee regalo artigianali;Portafortuna in Resina Argentata;Complementi d’arredo e idee regalo artigianali > Portafortuna in Resina Argentata;https://www.albalu.it/categoria-prodotto/complementi-d-arredo-regali/portafortuna-resina-argentata/;Complementi d’arredo e idee regalo artigianali > Portafortuna in Resina Argentata;nessun evento -> tema/tipologia/altro;
C;C - primaria su una categoria che non rispetta la regola;cambiare la primaria sulla categoria prevista dalla regola;https://www.albalu.it/prodotto/bomboniera-albero-con-icona-sacra/;Bomboniera Albero della Vita con Icona Sacra | Albalù;Bomboniere Religiose e Sacre;Bomboniere per tema > Bomboniere Albero della Vita: Simbolo di amore e radici;Bomboniere Religiose e Sacre;Bomboniere per tema > Bomboniere Religiose e Sacre;https://www.albalu.it/categoria-prodotto/bomboniere-per-tema/bomboniere-religiose-sacre/;Bomboniere per tema > Bomboniere Religiose e Sacre;nessun evento -> tema/tipologia/altro;
C;C - primaria su una categoria che non rispetta la regola;cambiare la primaria sulla categoria prevista dalla regola;https://www.albalu.it/prodotto/bomboniera-anniversario-lampada-esagonale-cuore/;Bomboniera Anniversario Matrimonio Lampada Cuore | Albalù;Bomboniere Anniversario di Matrimonio Utili e Personalizzate;Bomboniere per Tipologia: Portafoto, Profumatori, Orologi;Bomboniere Anniversario di Matrimonio Utili e Personalizzate;Bomboniere e Confettate Anniversario > Bomboniere Anniversario di Matrimonio Utili e Personalizzate;https://www.albalu.it/categoria-prodotto/bomboniere-e-confettate-anniversario/bomboniere-anniversario-matrimonio/;Bomboniere Anniversario di Matrimonio Utili e Personalizzate;evento singolo (Anniversario) -> categoria evento;
C;C - primaria su una categoria che non rispetta la regola;cambiare la primaria sulla categoria prevista dalla regola;https://www.albalu.it/prodotto/bomboniera-calendario-perpetuo-cresima/;Bomboniera Calendario Perpetuo Cresima in Legno;Bomboniere Cresima Personalizzate, Utili e Moderne | Bomboniere Calendario Perpetuo Personalizzabili;Bomboniere per Tipologia: Portafoto, Profumatori, Orologi;Bomboniere Cresima Personalizzate, Utili e Moderne;Bomboniere e Confettate Cresima > Bomboniere Cresima Personalizzate, Utili e Moderne;https://www.albalu.it/categoria-prodotto/bomboniere-e-confettate-cresima/bomboniere-cresima/;Bomboniere per Tipologia: Portafoto, Profumatori, Orologi > Bomboniere Calendario Perpetuo Personalizzabili;evento singolo (Cresima) -> categoria evento;
C;C - primaria su una categoria che non rispetta la regola;cambiare la primaria sulla categoria prevista dalla regola;https://www.albalu.it/prodotto/bomboniera-calendario-perpetuo-in-legno-con-leone/;Bomboniera Calendario Perpetuo in Legno con Leone;Bomboniere Battesimo Maschio | Bomboniere Battesimo Personalizzate | Bomboniere tema animali per ogni occasione | Bomboniere Calendario Perpetuo Personalizzabili;Bomboniere per tema > Bomboniere tema animali per ogni occasione;Bomboniere Battesimo Maschio;Bomboniere e Confettate Nascita e Battesimo > Bomboniere Battesimo Maschio;https://www.albalu.it/categoria-prodotto/bomboniere-e-confettate-nascita-battesimo/bomboniere-battesimo-maschio/;Bomboniere per Tipologia: Portafoto, Profumatori, Orologi > Bomboniere Calendario Perpetuo Personalizzabili;evento singolo (Battesimo) -> categoria evento;
C;C - primaria su una categoria che non rispetta la regola;cambiare la primaria sulla categoria prevista dalla regola;https://www.albalu.it/prodotto/bomboniera-calendario-perpetuo-in-legno-con-orsetto/;Bomboniera Calendario Perpetuo in Legno con Orsetto;Bomboniere Battesimo Personalizzate | Bomboniere tema animali per ogni occasione | Bomboniere Calendario Perpetuo Personalizzabili;Bomboniere per tema > Bomboniere tema animali per ogni occasione;Bomboniere Battesimo Personalizzate;Bomboniere e Confettate Nascita e Battesimo > Bomboniere Battesimo Personalizzate;https://www.albalu.it/categoria-prodotto/bomboniere-e-confettate-nascita-battesimo/bomboniere-nascita-e-battesimo/;Bomboniere per Tipologia: Portafoto, Profumatori, Orologi > Bomboniere Calendario Perpetuo Personalizzabili;evento singolo (Battesimo) -> categoria evento;
C;C - primaria su una categoria che non rispetta la regola;cambiare la primaria sulla categoria prevista dalla regola;https://www.albalu.it/prodotto/bomboniera-calendario-perpetuo-in-legno-con-safari/;Bomboniera Calendario Perpetuo Safari in Legno;Bomboniere Battesimo Personalizzate | Bomboniere tema animali per ogni occasione | Bomboniere Calendario Perpetuo Personalizzabili;Bomboniere per tema > Bomboniere tema animali per ogni occasione;Bomboniere Battesimo Personalizzate;Bomboniere e Confettate Nascita e Battesimo > Bomboniere Battesimo Personalizzate;https://www.albalu.it/categoria-prodotto/bomboniere-e-confettate-nascita-battesimo/bomboniere-nascita-e-battesimo/;Bomboniere per Tipologia: Portafoto, Profumatori, Orologi > Bomboniere Calendario Perpetuo Personalizzabili;evento singolo (Battesimo) -> categoria evento;
C;C - primaria su una categoria che non rispetta la regola;cambiare la primaria sulla categoria prevista dalla regola;https://www.albalu.it/prodotto/bomboniera-calendario-perpetuo-in-legno-con-unicorno/;Bomboniera Calendario Perpetuo in Legno con Unicorno;Bomboniere Battesimo Bimba | Bomboniere Battesimo Personalizzate | Bomboniere tema animali per ogni occasione | Bomboniere Calendario Perpetuo Personalizzabili;Bomboniere per tema > Bomboniere tema animali per ogni occasione;Bomboniere Battesimo Bimba;Bomboniere e Confettate Nascita e Battesimo > Bomboniere Battesimo Bimba;https://www.albalu.it/categoria-prodotto/bomboniere-e-confettate-nascita-battesimo/bomboniere-battesimo-bimba/;Bomboniere per Tipologia: Portafoto, Profumatori, Orologi > Bomboniere Calendario Perpetuo Personalizzabili;evento singolo (Battesimo) -> categoria evento;
C;C - primaria su una categoria che non rispetta la regola;cambiare la primaria sulla categoria prevista dalla regola;https://www.albalu.it/prodotto/bomboniera-carillon-musicale-con-angelo-protettore-in-resina/;Carillon Bomboniera Angelo Comunione | Albalù;Bomboniere e Confettate Prima Comunione Personalizzate | Bomboniere Cresima Personalizzate, Utili e Moderne | Bomboniere Battesimo Personalizzate | Bomboniere Religiose e Sacre;Bomboniere e Confettate Prima Comunione Personalizzate;Bomboniere Religiose e Sacre;Bomboniere per tema > Bomboniere Religiose e Sacre;https://www.albalu.it/categoria-prodotto/bomboniere-per-tema/bomboniere-religiose-sacre/;Bomboniere per tema > Bomboniere Religiose e Sacre;multievento (Battesimo, Comunione, Cresima) -> tema/tipologia;
C;C - primaria su una categoria che non rispetta la regola;cambiare la primaria sulla categoria prevista dalla regola;https://www.albalu.it/prodotto/bomboniera-clip-portafoto-angeli-in-resina-comunione-cresima/;Bomboniera Clip portafoto Angeli in Resina Comunione Cresima;Confettate e Segnaposto Comunione | Bomboniere Cresima Personalizzate, Utili e Moderne | Segnaposto e Confettata Cresima Personalizzati | Bomboniere Battesimo Personalizzate | Segnaposto e Confettate Battesimo | Bomboniere Religiose e Sacre;Bomboniere e Confettate Prima Comunione Personalizzate;Bomboniere Religiose e Sacre;Bomboniere per tema > Bomboniere Religiose e Sacre;https://www.albalu.it/categoria-prodotto/bomboniere-per-tema/bomboniere-religiose-sacre/;Bomboniere per tema > Bomboniere Religiose e Sacre;multievento (Battesimo, Comunione, Cresima) -> tema/tipologia;
C;C - primaria su una categoria che non rispetta la regola;cambiare la primaria sulla categoria prevista dalla regola;https://www.albalu.it/prodotto/bomboniera-comunione-pianta-grassa-basket/;Bomboniera Comunione Pianta Grassa Basket | Albalu;Bomboniere Comunione Maschio;Bomboniere e Confettate Prima Comunione Personalizzate > NOINDX-Bomboniere Comunione per;Bomboniere Comunione Maschio;Bomboniere e Confettate Prima Comunione Personalizzate > Bomboniere Comunione Maschio;https://www.albalu.it/categoria-prodotto/bomboniere-comunione-e-confettate/bomboniere-comunione-bambino/;Bomboniere e Confettate Prima Comunione Personalizzate > Bomboniere Comunione Maschio;evento singolo (Comunione) -> categoria evento;
C;C - primaria su una categoria che non rispetta la regola;cambiare la primaria sulla categoria prevista dalla regola;https://www.albalu.it/prodotto/bomboniera-comunione-pianta-grassa-calcio/;Bomboniera Comunione Pianta Grassa Calcio | Albalu;Bomboniere Comunione Maschio;Bomboniere e Confettate Prima Comunione Personalizzate > NOINDX-Bomboniere Comunione per;Bomboniere Comunione Maschio;Bomboniere e Confettate Prima Comunione Personalizzate > Bomboniere Comunione Maschio;https://www.albalu.it/categoria-prodotto/bomboniere-comunione-e-confettate/bomboniere-comunione-bambino/;Bomboniere e Confettate Prima Comunione Personalizzate > Bomboniere Comunione Maschio;evento singolo (Comunione) -> categoria evento;
C;C - primaria su una categoria che non rispetta la regola;cambiare la primaria sulla categoria prevista dalla regola;https://www.albalu.it/prodotto/bomboniera-comunione-pianta-grassa-danza/;Bomboniera Comunione Pianta Grassa Danza | Albalu;Bomboniere e Confettate Prima Comunione Personalizzate;Bomboniere e Confettate Prima Comunione Personalizzate > NOINDX-Bomboniere Comunione per;Bomboniere e Confettate Prima Comunione Personalizzate;Bomboniere e Confettate Prima Comunione Personalizzate;https://www.albalu.it/categoria-prodotto/bomboniere-comunione-e-confettate/;Bomboniere e Confettate Prima Comunione Personalizzate;evento singolo (Comunione) -> categoria evento;
C;C - primaria su una categoria che non rispetta la regola;cambiare la primaria sulla categoria prevista dalla regola;https://www.albalu.it/prodotto/bomboniera-cresima-carillon-con-angelo/;Bomboniera Cresima Carillon con Angelo;Bomboniere Cresima Personalizzate, Utili e Moderne | Bomboniere Religiose e Sacre;Bomboniere e Confettate Prima Comunione Personalizzate > NOINDX-Bomboniere Comunione per;Bomboniere Cresima Personalizzate, Utili e Moderne;Bomboniere e Confettate Cresima > Bomboniere Cresima Personalizzate, Utili e Moderne;https://www.albalu.it/categoria-prodotto/bomboniere-e-confettate-cresima/bomboniere-cresima/;Bomboniere per tema > Bomboniere Religiose e Sacre;evento singolo (Cresima) -> categoria evento;
C;C - primaria su una categoria che non rispetta la regola;cambiare la primaria sulla categoria prevista dalla regola;https://www.albalu.it/prodotto/bomboniera-cresima-carillon-con-cuore/;Bomboniera Cresima Carillon con Cuore;Bomboniere Cresima Personalizzate, Utili e Moderne;Bomboniere e Confettate Prima Comunione Personalizzate > NOINDX-Bomboniere Comunione per;Bomboniere Cresima Personalizzate, Utili e Moderne;Bomboniere e Confettate Cresima > Bomboniere Cresima Personalizzate, Utili e Moderne;https://www.albalu.it/categoria-prodotto/bomboniere-e-confettate-cresima/bomboniere-cresima/;Bomboniere Cresima Personalizzate, Utili e Moderne;evento singolo (Cresima) -> categoria evento;
C;C - primaria su una categoria che non rispetta la regola;cambiare la primaria sulla categoria prevista dalla regola;https://www.albalu.it/prodotto/bomboniera-cresima-carillon-con-luna/;Bomboniera Cresima Carillon con Luna;Bomboniere Cresima Personalizzate, Utili e Moderne;Bomboniere e Confettate Prima Comunione Personalizzate > NOINDX-Bomboniere Comunione per;Bomboniere Cresima Personalizzate, Utili e Moderne;Bomboniere e Confettate Cresima > Bomboniere Cresima Personalizzate, Utili e Moderne;https://www.albalu.it/categoria-prodotto/bomboniere-e-confettate-cresima/bomboniere-cresima/;Bomboniere Cresima Personalizzate, Utili e Moderne;evento singolo (Cresima) -> categoria evento;
C;C - primaria su una categoria che non rispetta la regola;cambiare la primaria sulla categoria prevista dalla regola;https://www.albalu.it/prodotto/bomboniera-cresima-lampada-esagonale-cuore/;Bomboniera Cresima Lampada Cuore Personalizzabile | Albalù;Bomboniere Cresima Ragazza e Femmina Personalizzate | Bomboniere Cresima Personalizzate, Utili e Moderne;Bomboniere per Tipologia: Portafoto, Profumatori, Orologi;Bomboniere Cresima Ragazza e Femmina Personalizzate;Bomboniere e Confettate Cresima > Bomboniere Cresima Ragazza e Femmina Personalizzate;https://www.albalu.it/categoria-prodotto/bomboniere-e-confettate-cresima/bomboniere-cresima-ragazza/;Bomboniere Cresima Personalizzate, Utili e Moderne;evento singolo (Cresima) -> categoria evento;
C;C - primaria su una categoria che non rispetta la regola;cambiare la primaria sulla categoria prevista dalla regola;https://www.albalu.it/prodotto/bomboniera-icona-albero-della-vita-coppia-stampata-su-pelle-e-retro-in-legno-matrimonio-anniversario/;Bomboniera Icona su Pelle tema Albero della vita e Coppia;Bomboniere Anniversario di Matrimonio Utili e Personalizzate | Bomboniere Matrimonio Eleganti, Utili e Originali | Bomboniere Religiose e Sacre;Bomboniere Anniversario di Matrimonio Utili e Personalizzate;Bomboniere Religiose e Sacre;Bomboniere per tema > Bomboniere Religiose e Sacre;https://www.albalu.it/categoria-prodotto/bomboniere-per-tema/bomboniere-religiose-sacre/;Bomboniere per tema > Bomboniere Religiose e Sacre;multievento (Anniversario, Matrimonio) -> tema/tipologia;
C;C - primaria su una categoria che non rispetta la regola;cambiare la primaria sulla categoria prevista dalla regola;https://www.albalu.it/prodotto/bomboniera-icona-albero-della-vita-preghiera-a-tema-maternita-o-sacra-famiglia-stampata-a-rilievo-su-legno-laccato/;Bomboniera Icona Albero della Vita Maternità o Sacra Famiglia;Bomboniere e Confettate Prima Comunione Personalizzate | Bomboniere Anniversario di Matrimonio Utili e Personalizzate | Bomboniere Compleanno | Bomboniere Cresima Personalizzate, Utili e Moderne | Bomboniere Matrimonio Eleganti, Utili e Originali | Bomboniere Battesimo Personalizzate | Bomboniere Religiose e Sacre;Bomboniere e Confettate Prima Comunione Personalizzate;Bomboniere Religiose e Sacre;Bomboniere per tema > Bomboniere Religiose e Sacre;https://www.albalu.it/categoria-prodotto/bomboniere-per-tema/bomboniere-religiose-sacre/;Bomboniere per tema > Bomboniere Religiose e Sacre;multievento (Anniversario, Battesimo, Compleanno, Comunione, Cresima, Matrimonio) -> tema/tipologia;
C;C - primaria su una categoria che non rispetta la regola;cambiare la primaria sulla categoria prevista dalla regola;https://www.albalu.it/prodotto/bomboniera-icona-in-legno-con-piastrella-a-tema-positano-e-limoni-con-piedino-da-appoggio/;Bomboniera Icona in Legno Tema Positano e Limoni;Bomboniere Anniversario di Matrimonio Utili e Personalizzate | Bomboniere Matrimonio Eleganti, Utili e Originali;Bomboniere e Confettate Prima Comunione Personalizzate;Bomboniere Anniversario di Matrimonio Utili e Personalizzate;Bomboniere e Confettate Anniversario > Bomboniere Anniversario di Matrimonio Utili e Personalizzate;https://www.albalu.it/categoria-prodotto/bomboniere-e-confettate-anniversario/bomboniere-anniversario-matrimonio/;Bomboniere Anniversario di Matrimonio Utili e Personalizzate;multievento (Anniversario, Matrimonio) -> tema/tipologia;multievento senza categoria tema/tipologia assegnata: valutare di assegnarne una
C;C - primaria su una categoria che non rispetta la regola;cambiare la primaria sulla categoria prevista dalla regola;https://www.albalu.it/prodotto/bomboniera-icona-sacra-ad-arco-in-argento-laminato-made-in-italy/;Bomboniera Icona Sacra Ad Arco in Argento Laminato;Bomboniere e Confettate Prima Comunione Personalizzate | Bomboniere Anniversario di Matrimonio Utili e Personalizzate | Bomboniere Compleanno | Bomboniere Cresima Personalizzate, Utili e Moderne | Bomboniere Matrimonio Eleganti, Utili e Originali | Bomboniere Battesimo Personalizzate | Bomboniere Religiose e Sacre;Bomboniere e Confettate Prima Comunione Personalizzate;Bomboniere Religiose e Sacre;Bomboniere per tema > Bomboniere Religiose e Sacre;https://www.albalu.it/categoria-prodotto/bomboniere-per-tema/bomboniere-religiose-sacre/;Bomboniere per tema > Bomboniere Religiose e Sacre;multievento (Anniversario, Battesimo, Compleanno, Comunione, Cresima, Matrimonio) -> tema/tipologia;
C;C - primaria su una categoria che non rispetta la regola;cambiare la primaria sulla categoria prevista dalla regola;https://www.albalu.it/prodotto/bomboniera-icona-sacra-cuore-in-argento-laminato-11x10-cm-scatola-icnlusa/;Bomboniera Icona Sacra Argentata mis 11x10 cm Scatola Icnlusa;Bomboniere e Confettate Prima Comunione Personalizzate | Bomboniere Cresima Personalizzate, Utili e Moderne | Bomboniere Battesimo Personalizzate | Bomboniere Religiose e Sacre;Bomboniere e Confettate Prima Comunione Personalizzate;Bomboniere Religiose e Sacre;Bomboniere per tema > Bomboniere Religiose e Sacre;https://www.albalu.it/categoria-prodotto/bomboniere-per-tema/bomboniere-religiose-sacre/;Bomboniere per tema > Bomboniere Religiose e Sacre;multievento (Battesimo, Comunione, Cresima) -> tema/tipologia;
C;C - primaria su una categoria che non rispetta la regola;cambiare la primaria sulla categoria prevista dalla regola;https://www.albalu.it/prodotto/bomboniera-icona-sacra-famiglia-angeli-e-maternita-cuore-in-argento-laminato-con-retro-in-legno/;Bomboniera icona Cuore Sacra Famiglia Angeli e Maternità;Bomboniere e Confettate Prima Comunione Personalizzate | Bomboniere Cresima Personalizzate, Utili e Moderne | Bomboniere Matrimonio Eleganti, Utili e Originali | Bomboniere Battesimo Personalizzate | Bomboniere Religiose e Sacre;Bomboniere Battesimo Personalizzate;Bomboniere Religiose e Sacre;Bomboniere per tema > Bomboniere Religiose e Sacre;https://www.albalu.it/categoria-prodotto/bomboniere-per-tema/bomboniere-religiose-sacre/;Bomboniere per tema > Bomboniere Religiose e Sacre;multievento (Battesimo, Comunione, Cresima, Matrimonio) -> tema/tipologia;
C;C - primaria su una categoria che non rispetta la regola;cambiare la primaria sulla categoria prevista dalla regola;https://www.albalu.it/prodotto/bomboniera-icona-sacra-famiglia-e-maternita-in-legno-da-appoggio-flower-shabby/;Bomboniera Icona Sacra Famiglia e Maternità a nuvoletta in Legno;Bomboniere e Confettate Prima Comunione Personalizzate | Bomboniere Cresima Personalizzate, Utili e Moderne | Bomboniere Religiose e Sacre;Bomboniere e Confettate Prima Comunione Personalizzate;Bomboniere Religiose e Sacre;Bomboniere per tema > Bomboniere Religiose e Sacre;https://www.albalu.it/categoria-prodotto/bomboniere-per-tema/bomboniere-religiose-sacre/;Bomboniere per tema > Bomboniere Religiose e Sacre;multievento (Comunione, Cresima) -> tema/tipologia;
C;C - primaria su una categoria che non rispetta la regola;cambiare la primaria sulla categoria prevista dalla regola;https://www.albalu.it/prodotto/bomboniera-icona-sacra-famiglia-glitterata-su-legno-sagomato-da-appoggio-e-muro/;Bomboniera Icona Sacra Famiglia Glitterata su Legno Rombo;Bomboniere e Confettate Prima Comunione Personalizzate | Bomboniere Anniversario di Matrimonio Utili e Personalizzate | Bomboniere Compleanno | Bomboniere Cresima Personalizzate, Utili e Moderne | Bomboniere Matrimonio Eleganti, Utili e Originali | Bomboniere Battesimo Personalizzate | Bomboniere Religiose e Sacre;Bomboniere e Confettate Prima Comunione Personalizzate;Bomboniere Religiose e Sacre;Bomboniere per tema > Bomboniere Religiose e Sacre;https://www.albalu.it/categoria-prodotto/bomboniere-per-tema/bomboniere-religiose-sacre/;Bomboniere per tema > Bomboniere Religiose e Sacre;multievento (Anniversario, Battesimo, Compleanno, Comunione, Cresima, Matrimonio) -> tema/tipologia;
C;C - primaria su una categoria che non rispetta la regola;cambiare la primaria sulla categoria prevista dalla regola;https://www.albalu.it/prodotto/bomboniera-icona-sacra-famiglia-gres/;Bomboniera Icona Sacra Famiglia in Gres | Albalù;Bomboniere e Confettate Prima Comunione Personalizzate | Bomboniere Anniversario di Matrimonio Utili e Personalizzate | Bomboniere Cresima Personalizzate, Utili e Moderne | Bomboniere Matrimonio Eleganti, Utili e Originali | Bomboniere Battesimo Personalizzate | Bomboniere Religiose e Sacre;Bomboniere Anniversario di Matrimonio Utili e Personalizzate;Bomboniere Religiose e Sacre;Bomboniere per tema > Bomboniere Religiose e Sacre;https://www.albalu.it/categoria-prodotto/bomboniere-per-tema/bomboniere-religiose-sacre/;Bomboniere per tema > Bomboniere Religiose e Sacre;multievento (Anniversario, Battesimo, Comunione, Cresima, Matrimonio) -> tema/tipologia;
C;C - primaria su una categoria che non rispetta la regola;cambiare la primaria sulla categoria prevista dalla regola;https://www.albalu.it/prodotto/bomboniera-icona-sacra-famiglia-legno-sagomato/;Icona Sacra Famiglia in Legno - Bomboniera | Albalù;Bomboniere Religiose e Sacre;Bomboniere e Confettate Prima Comunione Personalizzate;Bomboniere Religiose e Sacre;Bomboniere per tema > Bomboniere Religiose e Sacre;https://www.albalu.it/categoria-prodotto/bomboniere-per-tema/bomboniere-religiose-sacre/;Bomboniere per tema > Bomboniere Religiose e Sacre;nessun evento -> tema/tipologia/altro;
C;C - primaria su una categoria che non rispetta la regola;cambiare la primaria sulla categoria prevista dalla regola;https://www.albalu.it/prodotto/bomboniera-icona-sacra-madonna-con-bambino-in-argento-laminato/;Icona Maternità Madonna con Bambino | Albalù;Bomboniere e Confettate Prima Comunione Personalizzate | Bomboniere Anniversario di Matrimonio Utili e Personalizzate | Bomboniere Cresima Personalizzate, Utili e Moderne | Bomboniere Battesimo Personalizzate | Bomboniere Religiose e Sacre;Bomboniere e Confettate Prima Comunione Personalizzate;Bomboniere Religiose e Sacre;Bomboniere per tema > Bomboniere Religiose e Sacre;https://www.albalu.it/categoria-prodotto/bomboniere-per-tema/bomboniere-religiose-sacre/;Bomboniere per tema > Bomboniere Religiose e Sacre;multievento (Anniversario, Battesimo, Comunione, Cresima) -> tema/tipologia;
C;C - primaria su una categoria che non rispetta la regola;cambiare la primaria sulla categoria prevista dalla regola;https://www.albalu.it/prodotto/bomboniera-icona-sacra-maternita-glitterata-su-legno-sagomato-da-appoggio-e-muro/;Bomboniera Icona Maternità Glitterata su Legno Rombo;Bomboniere e Confettate Prima Comunione Personalizzate | Bomboniere Anniversario di Matrimonio Utili e Personalizzate | Bomboniere Compleanno | Bomboniere Cresima Personalizzate, Utili e Moderne | Bomboniere Matrimonio Eleganti, Utili e Originali | Bomboniere Battesimo Personalizzate | Bomboniere Religiose e Sacre;Bomboniere e Confettate Prima Comunione Personalizzate;Bomboniere Religiose e Sacre;Bomboniere per tema > Bomboniere Religiose e Sacre;https://www.albalu.it/categoria-prodotto/bomboniere-per-tema/bomboniere-religiose-sacre/;Bomboniere per tema > Bomboniere Religiose e Sacre;multievento (Anniversario, Battesimo, Compleanno, Comunione, Cresima, Matrimonio) -> tema/tipologia;
C;C - primaria su una categoria che non rispetta la regola;cambiare la primaria sulla categoria prevista dalla regola;https://www.albalu.it/prodotto/bomboniera-icona-sacra-ovale-in-argento-con-retro-in-porcellana-da-appoggio/;Bomboniera Icona Sacra Ovale in Argento con retro in Porcellana;Bomboniere e Confettate Prima Comunione Personalizzate | Bomboniere Anniversario di Matrimonio Utili e Personalizzate | Bomboniere Cresima Personalizzate, Utili e Moderne | Bomboniere Matrimonio Eleganti, Utili e Originali | Bomboniere Battesimo Personalizzate | Bomboniere Religiose e Sacre;Bomboniere Anniversario di Matrimonio Utili e Personalizzate;Bomboniere Religiose e Sacre;Bomboniere per tema > Bomboniere Religiose e Sacre;https://www.albalu.it/categoria-prodotto/bomboniere-per-tema/bomboniere-religiose-sacre/;Bomboniere per tema > Bomboniere Religiose e Sacre;multievento (Anniversario, Battesimo, Comunione, Cresima, Matrimonio) -> tema/tipologia;
C;C - primaria su una categoria che non rispetta la regola;cambiare la primaria sulla categoria prevista dalla regola;https://www.albalu.it/prodotto/bomboniera-icona-sacra-ovale-in-argento-laminato/;Bomboniera Icona Sacra Ovale in Argento Laminato;Bomboniere e Confettate Prima Comunione Personalizzate | Bomboniere Cresima Personalizzate, Utili e Moderne | Bomboniere Battesimo Personalizzate | Bomboniere Religiose e Sacre;Bomboniere Battesimo Personalizzate;Bomboniere Religiose e Sacre;Bomboniere per tema > Bomboniere Religiose e Sacre;https://www.albalu.it/categoria-prodotto/bomboniere-per-tema/bomboniere-religiose-sacre/;Bomboniere per tema > Bomboniere Religiose e Sacre;multievento (Battesimo, Comunione, Cresima) -> tema/tipologia;
C;C - primaria su una categoria che non rispetta la regola;cambiare la primaria sulla categoria prevista dalla regola;https://www.albalu.it/prodotto/bomboniera-icona-tema-viaggi-in-gress-da-appoggio/;Bomboniera Icona Tema Viaggi in Gress da Appoggio;Bomboniere e Confettate Prima Comunione Personalizzate | Bomboniere Anniversario di Matrimonio Utili e Personalizzate | Bomboniere Cresima Personalizzate, Utili e Moderne | Bomboniere Matrimonio Eleganti, Utili e Originali | Bomboniere tema viaggio;Bomboniere e Confettate Prima Comunione Personalizzate;Bomboniere tema viaggio;Bomboniere per tema > Bomboniere tema viaggio;https://www.albalu.it/categoria-prodotto/bomboniere-per-tema/bomboniere-tema-viaggio/;Bomboniere per tema > Bomboniere tema viaggio;multievento (Anniversario, Comunione, Cresima, Matrimonio) -> tema/tipologia;
C;C - primaria su una categoria che non rispetta la regola;cambiare la primaria sulla categoria prevista dalla regola;https://www.albalu.it/prodotto/bomboniera-lampada-esagonale-battesimo/;Bomboniera Lampada Esagonale Battesimo;Bomboniere Battesimo Personalizzate | Bomboniere Lampade Led Personalizzabili;Bomboniere per Tipologia: Portafoto, Profumatori, Orologi;Bomboniere Battesimo Personalizzate;Bomboniere e Confettate Nascita e Battesimo > Bomboniere Battesimo Personalizzate;https://www.albalu.it/categoria-prodotto/bomboniere-e-confettate-nascita-battesimo/bomboniere-nascita-e-battesimo/;Bomboniere per Tipologia: Portafoto, Profumatori, Orologi > Bomboniere Lampade Led Personalizzabili;evento singolo (Battesimo) -> categoria evento;
C;C - primaria su una categoria che non rispetta la regola;cambiare la primaria sulla categoria prevista dalla regola;https://www.albalu.it/prodotto/bomboniera-lampada-esagonale-con-fiori/;Bomboniera Lampada Esagonale con Fiori;Bomboniere e Confettate Prima Comunione Personalizzate | Bomboniere Anniversario di Matrimonio Utili e Personalizzate | Bomboniere Cresima Personalizzate, Utili e Moderne | Bomboniere Matrimonio Eleganti, Utili e Originali | Bomboniere Battesimo Bimba | Bomboniere Battesimo Personalizzate | Bomboniere tema amore: un gesto che parla al cuore | Bomboniere Lampade Led Personalizzabili;Bomboniere Anniversario di Matrimonio Utili e Personalizzate;Bomboniere tema amore: un gesto che parla al cuore;Bomboniere per tema > Bomboniere tema amore: un gesto che parla al cuore;https://www.albalu.it/categoria-prodotto/bomboniere-per-tema/bomboniere-tema-amore-un-gesto-che-parla-al-cuore/;Bomboniere per Tipologia: Portafoto, Profumatori, Orologi > Bomboniere Lampade Led Personalizzabili;multievento (Anniversario, Battesimo, Comunione, Cresima, Matrimonio) -> tema/tipologia;
C;C - primaria su una categoria che non rispetta la regola;cambiare la primaria sulla categoria prevista dalla regola;https://www.albalu.it/prodotto/bomboniera-lampada-esagonale-con-mongolfiera/;Bomboniera Lampada Esagonale con Mongolfiera;Bomboniere e Confettate Prima Comunione Personalizzate | Bomboniere Anniversario di Matrimonio Utili e Personalizzate | Compleanno Confettate Segnaposto | Bomboniere Cresima Personalizzate, Utili e Moderne | Confettate Segnaposto per Laurea | Bomboniere Matrimonio Eleganti, Utili e Originali | Bomboniere Battesimo Bimba | Bomboniere Battesimo Maschio | Bomboniere Battesimo Personalizzate | Bomboniere tema animali per ogni occasione | Bomboniere Lampade Led Personalizzabili;Bomboniere Anniversario di Matrimonio Utili e Personalizzate;Bomboniere tema animali per ogni occasione;Bomboniere per tema > Bomboniere tema animali per ogni occasione;https://www.albalu.it/categoria-prodotto/bomboniere-per-tema/bomboniere-tema-animali/;Bomboniere per Tipologia: Portafoto, Profumatori, Orologi > Bomboniere Lampade Led Personalizzabili;multievento (Anniversario, Battesimo, Compleanno, Comunione, Cresima, Laurea, Matrimonio) -> tema/tipologia;
C;C - primaria su una categoria che non rispetta la regola;cambiare la primaria sulla categoria prevista dalla regola;https://www.albalu.it/prodotto/bomboniera-lampada-esagonale-prima-comunione/;Bomboniera Lampada Esagonale Prima Comunione;Bomboniere per Comunione da Bambina | Bomboniere Comunione Maschio | Bomboniere Lampade Led Personalizzabili;Bomboniere per Tipologia: Portafoto, Profumatori, Orologi;Bomboniere per Comunione da Bambina;Bomboniere e Confettate Prima Comunione Personalizzate > Bomboniere per Comunione da Bambina;https://www.albalu.it/categoria-prodotto/bomboniere-comunione-e-confettate/bomboniere-comunione-bambina/;Bomboniere per Tipologia: Portafoto, Profumatori, Orologi > Bomboniere Lampade Led Personalizzabili;evento singolo (Comunione) -> categoria evento;
C;C - primaria su una categoria che non rispetta la regola;cambiare la primaria sulla categoria prevista dalla regola;https://www.albalu.it/prodotto/bomboniera-lampada-esagonale-safari/;Bomboniera Lampada Esagonale Safari;Bomboniere Compleanno | Bomboniere Battesimo Maschio | Bomboniere Battesimo Personalizzate | Bomboniere tema animali per ogni occasione | Bomboniere Lampade Led Personalizzabili;Bomboniere Battesimo Maschio;Bomboniere tema animali per ogni occasione;Bomboniere per tema > Bomboniere tema animali per ogni occasione;https://www.albalu.it/categoria-prodotto/bomboniere-per-tema/bomboniere-tema-animali/;Bomboniere per Tipologia: Portafoto, Profumatori, Orologi > Bomboniere Lampade Led Personalizzabili;multievento (Battesimo, Compleanno) -> tema/tipologia;
C;C - primaria su una categoria che non rispetta la regola;cambiare la primaria sulla categoria prevista dalla regola;https://www.albalu.it/prodotto/bomboniera-matrimonio-albero-della-vita-orologio-personalizzabile-con-coppia-sposi/;Orologio Bomboniera Matrimonio Albero | Albalù;Bomboniere Anniversario di Matrimonio Utili e Personalizzate | Bomboniere Matrimonio Eleganti, Utili e Originali | Bomboniere Albero della Vita | Bomboniere tema amore: un gesto che parla al cuore;Bomboniere Matrimonio Eleganti, Utili e Originali;Bomboniere Albero della Vita;Bomboniere per tema > Bomboniere Albero della Vita;https://www.albalu.it/categoria-prodotto/bomboniere-per-tema/bomboniere-albero-della-vita-simbolo-di-amore-e-radici/;Bomboniere per tema > Bomboniere tema amore: un gesto che parla al cuore;multievento (Anniversario, Matrimonio) -> tema/tipologia;
C;C - primaria su una categoria che non rispetta la regola;cambiare la primaria sulla categoria prevista dalla regola;https://www.albalu.it/prodotto/bomboniera-matrimonio-calendario-perpetuo-sal-da-vinci/;Bomboniera Matrimonio Calendario Perpetuo Sal Da Vinci;Bomboniere Anniversario di Matrimonio Utili e Personalizzate | Bomboniere Matrimonio Eleganti, Utili e Originali | Bomboniere tema musica eleganti per ogni occasione | Albalù | Bomboniere Calendario Perpetuo Personalizzabili;Bomboniere per Tipologia: Portafoto, Profumatori, Orologi;Bomboniere tema musica eleganti per ogni occasione | Albalù;Bomboniere per tema > Bomboniere tema musica eleganti per ogni occasione | Albalù;https://www.albalu.it/categoria-prodotto/bomboniere-per-tema/bomboniere-tema-musica/;Bomboniere per Tipologia: Portafoto, Profumatori, Orologi > Bomboniere Calendario Perpetuo Personalizzabili;multievento (Anniversario, Matrimonio) -> tema/tipologia;
C;C - primaria su una categoria che non rispetta la regola;cambiare la primaria sulla categoria prevista dalla regola;https://www.albalu.it/prodotto/bomboniera-matrimonio-profumatore-per-sempre-si-sal-da-vinci/;Bomboniera Matrimonio Profumatore Per Sempre Sì Sal Da Vinci;Bomboniere Matrimonio Eleganti, Utili e Originali | Bomboniere Profumatori Ambienti Personalizzati;Bomboniere per Tipologia: Portafoto, Profumatori, Orologi;Bomboniere Matrimonio Eleganti, Utili e Originali;Bomboniere e Confettate Matrimonio > Bomboniere Matrimonio Eleganti, Utili e Originali;https://www.albalu.it/categoria-prodotto/bomboniere-e-confettate-matrimonio/bomboniere-matrimonio/;Bomboniere per Tipologia: Portafoto, Profumatori, Orologi > Bomboniere Profumatori Ambienti Personalizzati;evento singolo (Matrimonio) -> categoria evento;
C;C - primaria su una categoria che non rispetta la regola;cambiare la primaria sulla categoria prevista dalla regola;https://www.albalu.it/prodotto/bomboniera-nascita-quadretto-maternita-legno/;Bomboniera Nascita Quadretto Maternità | Albalù;Bomboniere Battesimo Personalizzate | Bomboniere Religiose e Sacre;Bomboniere e Confettate Prima Comunione Personalizzate;Bomboniere Battesimo Personalizzate;Bomboniere e Confettate Nascita e Battesimo > Bomboniere Battesimo Personalizzate;https://www.albalu.it/categoria-prodotto/bomboniere-e-confettate-nascita-battesimo/bomboniere-nascita-e-battesimo/;Bomboniere per tema > Bomboniere Religiose e Sacre;evento singolo (Battesimo) -> categoria evento;
C;C - primaria su una categoria che non rispetta la regola;cambiare la primaria sulla categoria prevista dalla regola;https://www.albalu.it/prodotto/bomboniera-orologio-albero-della-vita-tortora-bianco-con-scatola/;Bomboniera Orologio Albero della Vita Tortora Bianco;Bomboniere e Confettate Prima Comunione Personalizzate | Bomboniere Anniversario di Matrimonio Utili e Personalizzate | Bomboniere Diciottesimo Ragazza Originali e Particolari | Bomboniere Diciottesimo Ragazzo Utili e Personalizzate | Bomboniere Compleanno | Bomboniere Cresima Personalizzate, Utili e Moderne | Bomboniere Matrimonio Eleganti, Utili e Originali | Bomboniere Albero della Vita | Bomboniere tema amore: un gesto che parla al cuore;Bomboniere e Confettate Prima Comunione Personalizzate;Bomboniere Albero della Vita;Bomboniere per tema > Bomboniere Albero della Vita;https://www.albalu.it/categoria-prodotto/bomboniere-per-tema/bomboniere-albero-della-vita-simbolo-di-amore-e-radici/;Bomboniere per tema > Bomboniere tema amore: un gesto che parla al cuore;multievento (Anniversario, Compleanno, Comunione, Cresima, Matrimonio) -> tema/tipologia;
C;C - primaria su una categoria che non rispetta la regola;cambiare la primaria sulla categoria prevista dalla regola;https://www.albalu.it/prodotto/bomboniera-orologio-calcio-tondo-con-scatola-inclusa/;Bomboniera Orologio Calcio Tondo Con Scatola Inclusa;Bomboniere e Confettate Prima Comunione Personalizzate | Bomboniere Cresima Ragazzo e Maschio Personalizzate | Bomboniere Cresima Personalizzate, Utili e Moderne | Bomboniere tema calcio;Bomboniere e Confettate Prima Comunione Personalizzate;Bomboniere tema calcio;Bomboniere per tema > Bomboniere tema calcio;https://www.albalu.it/categoria-prodotto/bomboniere-per-tema/bomboniere-tema-calcio/;Bomboniere per tema > Bomboniere tema calcio;multievento (Comunione, Cresima) -> tema/tipologia;
C;C - primaria su una categoria che non rispetta la regola;cambiare la primaria sulla categoria prevista dalla regola;https://www.albalu.it/prodotto/bomboniera-orologio-casetta-frase/;Bomboniera Orologio Casetta con Frase | Albalu;Bomboniere tema amore: un gesto che parla al cuore | Bomboniere per Tipologia: Portafoto, Profumatori, Orologi;Bomboniere per Tipologia: Portafoto, Profumatori, Orologi;Bomboniere tema amore: un gesto che parla al cuore;Bomboniere per tema > Bomboniere tema amore: un gesto che parla al cuore;https://www.albalu.it/categoria-prodotto/bomboniere-per-tema/bomboniere-tema-amore-un-gesto-che-parla-al-cuore/;Bomboniere per tema > Bomboniere tema amore: un gesto che parla al cuore;nessun evento -> tema/tipologia/altro;
C;C - primaria su una categoria che non rispetta la regola;cambiare la primaria sulla categoria prevista dalla regola;https://www.albalu.it/prodotto/bomboniera-orologio-coppia-visi-sposi/;Orologio Bomboniera Visi Sposi Matrimonio | Albalù;Bomboniere Anniversario di Matrimonio Utili e Personalizzate | Bomboniere Matrimonio Eleganti, Utili e Originali | Bomboniere tema amore: un gesto che parla al cuore | Bomboniere tema musica eleganti per ogni occasione | Albalù | Bomboniere per Tipologia: Portafoto, Profumatori, Orologi;Bomboniere per Tipologia: Portafoto, Profumatori, Orologi;Bomboniere tema amore: un gesto che parla al cuore;Bomboniere per tema > Bomboniere tema amore: un gesto che parla al cuore;https://www.albalu.it/categoria-prodotto/bomboniere-per-tema/bomboniere-tema-amore-un-gesto-che-parla-al-cuore/;Bomboniere per tema > Bomboniere tema musica eleganti per ogni occasione | Albalù;multievento (Anniversario, Matrimonio) -> tema/tipologia;
C;C - primaria su una categoria che non rispetta la regola;cambiare la primaria sulla categoria prevista dalla regola;https://www.albalu.it/prodotto/bomboniera-orologio-farfalle-cuori-e-fiori-in-legno-bianco-su-base-tortora/;Bomboniera Orologio Farfalle Cuori e Fiori In Legno;Bomboniere e Confettate Prima Comunione Personalizzate | Bomboniere Anniversario di Matrimonio Utili e Personalizzate | Bomboniere Cresima Personalizzate, Utili e Moderne | Bomboniere Matrimonio Eleganti, Utili e Originali | Bomboniere Farfalle | Complementi d’arredo e idee regalo artigianali;Bomboniere e Confettate Prima Comunione Personalizzate;Bomboniere Farfalle;Bomboniere per tema > Bomboniere Farfalle;https://www.albalu.it/categoria-prodotto/bomboniere-per-tema/bomboniere-farfalle/;Bomboniere per tema > Bomboniere Farfalle;multievento (Anniversario, Comunione, Cresima, Matrimonio) -> tema/tipologia;
C;C - primaria su una categoria che non rispetta la regola;cambiare la primaria sulla categoria prevista dalla regola;https://www.albalu.it/prodotto/bomboniera-orologio-farfalle-tondo-con-scatola-inclusa/;Bomboniera Orologio Farfalle Tondo Con Scatola Inclusa;Bomboniere e Confettate Prima Comunione Personalizzate | Bomboniere Anniversario di Matrimonio Utili e Personalizzate | Bomboniere Cresima Ragazza e Femmina Personalizzate | Bomboniere Cresima Personalizzate, Utili e Moderne | Bomboniere Matrimonio Eleganti, Utili e Originali | Bomboniere Farfalle;Bomboniere Anniversario di Matrimonio Utili e Personalizzate;Bomboniere Farfalle;Bomboniere per tema > Bomboniere Farfalle;https://www.albalu.it/categoria-prodotto/bomboniere-per-tema/bomboniere-farfalle/;Bomboniere per tema > Bomboniere Farfalle;multievento (Anniversario, Comunione, Cresima, Matrimonio) -> tema/tipologia;
C;C - primaria su una categoria che non rispetta la regola;cambiare la primaria sulla categoria prevista dalla regola;https://www.albalu.it/prodotto/bomboniera-orologio-fiore-e-farfalle-da-muro-e-appoggio-per-comunione-cresima-e-matrimonio/;Bomboniera Orologio Fiore e Farfalle da Muro | Albalù;Bomboniere e Confettate Prima Comunione Personalizzate | Bomboniere Anniversario di Matrimonio Utili e Personalizzate | Bomboniere Compleanno | Bomboniere Cresima Personalizzate, Utili e Moderne | Bomboniere Laurea | Bomboniere Matrimonio Eleganti, Utili e Originali | Bomboniere Battesimo Personalizzate | Bomboniere Farfalle;Bomboniere e Confettate Prima Comunione Personalizzate;Bomboniere Farfalle;Bomboniere per tema > Bomboniere Farfalle;https://www.albalu.it/categoria-prodotto/bomboniere-per-tema/bomboniere-farfalle/;Bomboniere per tema > Bomboniere Farfalle;multievento (Anniversario, Battesimo, Compleanno, Comunione, Cresima, Laurea, Matrimonio) -> tema/tipologia;
C;C - primaria su una categoria che non rispetta la regola;cambiare la primaria sulla categoria prevista dalla regola;https://www.albalu.it/prodotto/bomboniera-orologio-fiori-in-vaso-sagomato-bianco-in-legno/;Bomboniera Orologio Fiori in Vaso Sagomato Bianco in Legno;Bomboniere e Confettate Prima Comunione Personalizzate | Bomboniere Anniversario di Matrimonio Utili e Personalizzate | Bomboniere Cresima Ragazza e Femmina Personalizzate | Bomboniere Cresima Personalizzate, Utili e Moderne | Bomboniere Matrimonio Eleganti, Utili e Originali | Bomboniere Battesimo Personalizzate | Bomboniere tema fiori per ogni occasione | Albalù;Bomboniere Anniversario di Matrimonio Utili e Personalizzate;Bomboniere tema fiori per ogni occasione | Albalù;Bomboniere per tema > Bomboniere tema fiori per ogni occasione | Albalù;https://www.albalu.it/categoria-prodotto/bomboniere-per-tema/bomboniere-tema-fiori-per-ogni-occasione/;Bomboniere per tema > Bomboniere tema fiori per ogni occasione | Albalù;multievento (Anniversario, Battesimo, Comunione, Cresima, Matrimonio) -> tema/tipologia;
C;C - primaria su una categoria che non rispetta la regola;cambiare la primaria sulla categoria prevista dalla regola;https://www.albalu.it/prodotto/bomboniera-orologio-fiori-tondo-con-scatola-inclusa/;Bomboniera Orologio Fiori Tondo Con Scatola Inclusa;Bomboniere e Confettate Prima Comunione Personalizzate | Bomboniere Anniversario di Matrimonio Utili e Personalizzate | Bomboniere Cresima Personalizzate, Utili e Moderne | Bomboniere Matrimonio Eleganti, Utili e Originali | Bomboniere tema fiori per ogni occasione | Albalù;Bomboniere e Confettate Prima Comunione Personalizzate;Bomboniere tema fiori per ogni occasione | Albalù;Bomboniere per tema > Bomboniere tema fiori per ogni occasione | Albalù;https://www.albalu.it/categoria-prodotto/bomboniere-per-tema/bomboniere-tema-fiori-per-ogni-occasione/;Bomboniere per tema > Bomboniere tema fiori per ogni occasione | Albalù;multievento (Anniversario, Comunione, Cresima, Matrimonio) -> tema/tipologia;
C;C - primaria su una categoria che non rispetta la regola;cambiare la primaria sulla categoria prevista dalla regola;https://www.albalu.it/prodotto/bomboniera-orologio-mani-cuore-in-legno/;Bomboniera Orologio Mani Cuore in Legno;Bomboniere Anniversario di Matrimonio Utili e Personalizzate | Bomboniere Matrimonio Eleganti, Utili e Originali | Bomboniere tema amore: un gesto che parla al cuore;Bomboniere Matrimonio Eleganti, Utili e Originali;Bomboniere tema amore: un gesto che parla al cuore;Bomboniere per tema > Bomboniere tema amore: un gesto che parla al cuore;https://www.albalu.it/categoria-prodotto/bomboniere-per-tema/bomboniere-tema-amore-un-gesto-che-parla-al-cuore/;Bomboniere per tema > Bomboniere tema amore: un gesto che parla al cuore;multievento (Anniversario, Matrimonio) -> tema/tipologia;
C;C - primaria su una categoria che non rispetta la regola;cambiare la primaria sulla categoria prevista dalla regola;https://www.albalu.it/prodotto/bomboniera-pianta-grassa-albero-della-vita-sacco-juta-e-albero-vita/;Bomboniera Pianta Grassa Albero della vita Sacco Juta Albero Vita;Bomboniere e Confettate Prima Comunione Personalizzate | Bomboniere Anniversario di Matrimonio Utili e Personalizzate | Bomboniere Compleanno | Bomboniere Cresima Personalizzate, Utili e Moderne | Bomboniere Matrimonio Eleganti, Utili e Originali | Bomboniere Battesimo Personalizzate | Bomboniere Piante Grasse Personalizzabili | Complementi d’arredo e idee regalo artigianali;Bomboniere Anniversario di Matrimonio Utili e Personalizzate;Bomboniere Piante Grasse Personalizzabili;Bomboniere per Tipologia: Portafoto, Profumatori, Orologi > Bomboniere Piante Grasse Personalizzabili;https://www.albalu.it/categoria-prodotto/bomboniere-per-tipologia/bomboniere-con-piante-grasse-vere-confezionate-online-albalu/;Bomboniere per Tipologia: Portafoto, Profumatori, Orologi > Bomboniere con Piante Grasse Vere Confezionate;multievento (Anniversario, Battesimo, Compleanno, Comunione, Cresima, Matrimonio) -> tema/tipologia;
C;C - primaria su una categoria che non rispetta la regola;cambiare la primaria sulla categoria prevista dalla regola;https://www.albalu.it/prodotto/bomboniera-pianta-grassa-con-vasetto-frase-e-scatola/;Pianta Grassa Bomboniera con Frase | Albalù;Bomboniere per Comunione da Bambina | Bomboniere Comunione Maschio | Bomboniere Anniversario di Matrimonio Utili e Personalizzate | Bomboniere Cresima Personalizzate, Utili e Moderne | Bomboniere Laurea | Bomboniere Matrimonio Eleganti, Utili e Originali | Bomboniere Battesimo Personalizzate | Bomboniere tema amore: un gesto che parla al cuore;Bomboniere e Confettate Prima Comunione Personalizzate;Bomboniere tema amore: un gesto che parla al cuore;Bomboniere per tema > Bomboniere tema amore: un gesto che parla al cuore;https://www.albalu.it/categoria-prodotto/bomboniere-per-tema/bomboniere-tema-amore-un-gesto-che-parla-al-cuore/;Bomboniere per tema > Bomboniere tema amore: un gesto che parla al cuore;multievento (Anniversario, Battesimo, Comunione, Cresima, Laurea, Matrimonio) -> tema/tipologia;
C;C - primaria su una categoria che non rispetta la regola;cambiare la primaria sulla categoria prevista dalla regola;https://www.albalu.it/prodotto/bomboniera-portafoto-comunione/;Portafoto Bomboniera Comunione | Albalù;Bomboniere e Confettate Prima Comunione Personalizzate | Bomboniere per tema | Bomboniere Portafoto Personalizzabili;Bomboniere e Confettate Prima Comunione Personalizzate > NOINDX-Bomboniere Comunione per;Bomboniere e Confettate Prima Comunione Personalizzate;Bomboniere e Confettate Prima Comunione Personalizzate;https://www.albalu.it/categoria-prodotto/bomboniere-comunione-e-confettate/;Bomboniere per Tipologia: Portafoto, Profumatori, Orologi > Bomboniere Portafoto Personalizzabili;evento singolo (Comunione) -> categoria evento;
C;C - primaria su una categoria che non rispetta la regola;cambiare la primaria sulla categoria prevista dalla regola;https://www.albalu.it/prodotto/bomboniera-portafoto-cresima-con-applicazione-cappello-vescovo/;Bomboniera Portafoto Cresima in Legno tortora;Bomboniere Cresima Personalizzate, Utili e Moderne | Bomboniere per Tipologia: Portafoto, Profumatori, Orologi;Bomboniere per Tipologia: Portafoto, Profumatori, Orologi;Bomboniere Cresima Personalizzate, Utili e Moderne;Bomboniere e Confettate Cresima > Bomboniere Cresima Personalizzate, Utili e Moderne;https://www.albalu.it/categoria-prodotto/bomboniere-e-confettate-cresima/bomboniere-cresima/;Bomboniere Cresima Personalizzate, Utili e Moderne;evento singolo (Cresima) -> categoria evento;
C;C - primaria su una categoria che non rispetta la regola;cambiare la primaria sulla categoria prevista dalla regola;https://www.albalu.it/prodotto/bomboniera-portafoto-molletta-con-casette/;Bomboniera Portafoto molletta con Casette;Bomboniere e Confettate Prima Comunione Personalizzate | Bomboniere Portafoto Personalizzabili;Bomboniere per Tipologia: Portafoto, Profumatori, Orologi;Bomboniere e Confettate Prima Comunione Personalizzate;Bomboniere e Confettate Prima Comunione Personalizzate;https://www.albalu.it/categoria-prodotto/bomboniere-comunione-e-confettate/;Bomboniere per Tipologia: Portafoto, Profumatori, Orologi > Bomboniere Portafoto Personalizzabili;evento singolo (Comunione) -> categoria evento;
C;C - primaria su una categoria che non rispetta la regola;cambiare la primaria sulla categoria prevista dalla regola;https://www.albalu.it/prodotto/bomboniera-portafoto-molletta-con-farfalle/;Bomboniera Portafoto molletta con Farfalle;Bomboniere Farfalle | Bomboniere Portafoto Personalizzabili;Bomboniere per Tipologia: Portafoto, Profumatori, Orologi;Bomboniere Farfalle;Bomboniere per tema > Bomboniere Farfalle;https://www.albalu.it/categoria-prodotto/bomboniere-per-tema/bomboniere-farfalle/;Bomboniere per Tipologia: Portafoto, Profumatori, Orologi > Bomboniere Portafoto Personalizzabili;nessun evento -> tema/tipologia/altro;
C;C - primaria su una categoria che non rispetta la regola;cambiare la primaria sulla categoria prevista dalla regola;https://www.albalu.it/prodotto/bomboniera-portafoto-stampa-3d-farfalle-amicizia/;Bomboniera Portafoto Farfalle Amicizia | Albalù;Bomboniere Farfalle | Bomboniere Portafoto Personalizzabili;Bomboniere per Tipologia: Portafoto, Profumatori, Orologi;Bomboniere Farfalle;Bomboniere per tema > Bomboniere Farfalle;https://www.albalu.it/categoria-prodotto/bomboniere-per-tema/bomboniere-farfalle/;Bomboniere per Tipologia: Portafoto, Profumatori, Orologi > Bomboniere Portafoto Personalizzabili;nessun evento -> tema/tipologia/altro;
C;C - primaria su una categoria che non rispetta la regola;cambiare la primaria sulla categoria prevista dalla regola;https://www.albalu.it/prodotto/bomboniera-portatovaglioli-in-legno-bianco-con-applicazioni-farfalla-cuore-e-fiori-in-legno-tortora/;Bomboniera Portatovaglioli in Legno Farfalla Cuore e Fiori Tortora;Bomboniere Anniversario di Matrimonio Utili e Personalizzate | Bomboniere Matrimonio Eleganti, Utili e Originali | Bomboniere Farfalle | Complementi d’arredo e idee regalo artigianali;Bomboniere Anniversario di Matrimonio Utili e Personalizzate;Bomboniere Farfalle;Bomboniere per tema > Bomboniere Farfalle;https://www.albalu.it/categoria-prodotto/bomboniere-per-tema/bomboniere-farfalle/;Bomboniere per tema > Bomboniere Farfalle;multievento (Anniversario, Matrimonio) -> tema/tipologia;
C;C - primaria su una categoria che non rispetta la regola;cambiare la primaria sulla categoria prevista dalla regola;https://www.albalu.it/prodotto/bomboniera-pportafoto-confettata-clip-sacro-in-resina-decorata/;Bomboniera Portafoto Maternità e Sacra Famiglia Resina;Confettate e Segnaposto Comunione | Bomboniere Cresima Personalizzate, Utili e Moderne | Segnaposto e Confettata Cresima Personalizzati | Bomboniere Matrimonio Eleganti, Utili e Originali | Segnaposto e Confettata Matrimonio Personalizzati | Bomboniere Battesimo Personalizzate | Segnaposto e Confettate Battesimo | Bomboniere Religiose e Sacre;Bomboniere e Confettate Prima Comunione Personalizzate;Bomboniere Religiose e Sacre;Bomboniere per tema > Bomboniere Religiose e Sacre;https://www.albalu.it/categoria-prodotto/bomboniere-per-tema/bomboniere-religiose-sacre/;Bomboniere per tema > Bomboniere Religiose e Sacre;multievento (Battesimo, Comunione, Cresima, Matrimonio) -> tema/tipologia;
C;C - primaria su una categoria che non rispetta la regola;cambiare la primaria sulla categoria prevista dalla regola;https://www.albalu.it/prodotto/bomboniera-prima-comunione-calice-pianta-grassa/;Bomboniera Prima Comunione Calice Pianta Grassa | Albalu;Bomboniere per Comunione da Bambina | Bomboniere Comunione Maschio;Bomboniere e Confettate Prima Comunione Personalizzate > NOINDX-Bomboniere Comunione per;Bomboniere per Comunione da Bambina;Bomboniere e Confettate Prima Comunione Personalizzate > Bomboniere per Comunione da Bambina;https://www.albalu.it/categoria-prodotto/bomboniere-comunione-e-confettate/bomboniere-comunione-bambina/;Bomboniere e Confettate Prima Comunione Personalizzate > Bomboniere per Comunione da Bambina;evento singolo (Comunione) -> categoria evento;
C;C - primaria su una categoria che non rispetta la regola;cambiare la primaria sulla categoria prevista dalla regola;https://www.albalu.it/prodotto/bomboniera-prima-comunione-carillon-con-angelo/;Carillon Comunione Angelo Bomboniera | Albalù;Bomboniere per Comunione da Bambina | Bomboniere Comunione Maschio | Bomboniere Religiose e Sacre;Bomboniere e Confettate Prima Comunione Personalizzate > NOINDX-Bomboniere Comunione per;Bomboniere per Comunione da Bambina;Bomboniere e Confettate Prima Comunione Personalizzate > Bomboniere per Comunione da Bambina;https://www.albalu.it/categoria-prodotto/bomboniere-comunione-e-confettate/bomboniere-comunione-bambina/;Bomboniere per tema > Bomboniere Religiose e Sacre;evento singolo (Comunione) -> categoria evento;
C;C - primaria su una categoria che non rispetta la regola;cambiare la primaria sulla categoria prevista dalla regola;https://www.albalu.it/prodotto/bomboniera-prima-comunione-carillon-con-cuore/;Carillon Comunione Cuore Calice Bomboniera | Albalù;Bomboniere per Comunione da Bambina | Bomboniere Comunione Maschio | Bomboniere Religiose e Sacre;Bomboniere e Confettate Prima Comunione Personalizzate > NOINDX-Bomboniere Comunione per;Bomboniere per Comunione da Bambina;Bomboniere e Confettate Prima Comunione Personalizzate > Bomboniere per Comunione da Bambina;https://www.albalu.it/categoria-prodotto/bomboniere-comunione-e-confettate/bomboniere-comunione-bambina/;Bomboniere per tema > Bomboniere Religiose e Sacre;evento singolo (Comunione) -> categoria evento;
C;C - primaria su una categoria che non rispetta la regola;cambiare la primaria sulla categoria prevista dalla regola;https://www.albalu.it/prodotto/bomboniera-prima-comunione-carillon-con-luna/;Carillon Comunione Luna Calice Bomboniera | Albalù;Bomboniere per Comunione da Bambina | Bomboniere Comunione Maschio | Bomboniere Religiose e Sacre;Bomboniere e Confettate Prima Comunione Personalizzate > NOINDX-Bomboniere Comunione per;Bomboniere per Comunione da Bambina;Bomboniere e Confettate Prima Comunione Personalizzate > Bomboniere per Comunione da Bambina;https://www.albalu.it/categoria-prodotto/bomboniere-comunione-e-confettate/bomboniere-comunione-bambina/;Bomboniere per tema > Bomboniere Religiose e Sacre;evento singolo (Comunione) -> categoria evento;
C;C - primaria su una categoria che non rispetta la regola;cambiare la primaria sulla categoria prevista dalla regola;https://www.albalu.it/prodotto/bomboniera-profumatore-comunione-e-cresima/;Bomboniera Profumatore Comunione e Cresima;Bomboniere e Confettate Prima Comunione Personalizzate | Bomboniere Cresima Personalizzate, Utili e Moderne | Bomboniere per tema | Bomboniere Profumatori Ambienti Personalizzati;Bomboniere e Confettate Prima Comunione Personalizzate;Bomboniere per tema;Bomboniere per tema;https://www.albalu.it/categoria-prodotto/bomboniere-per-tema/;Bomboniere per Tipologia: Portafoto, Profumatori, Orologi > Bomboniere Profumatori Ambienti Personalizzati;multievento (Comunione, Cresima) -> tema/tipologia;
C;C - primaria su una categoria che non rispetta la regola;cambiare la primaria sulla categoria prevista dalla regola;https://www.albalu.it/prodotto/bomboniera-profumatore-in-legno-tema-mare-barca-timone-e-ancora/;Bomboniera Profumatore Tema Mare;Bomboniere e Confettate Prima Comunione Personalizzate | Bomboniere Anniversario di Matrimonio Utili e Personalizzate | Bomboniere Compleanno | Bomboniere Cresima Personalizzate, Utili e Moderne | Bomboniere Laurea | Bomboniere Matrimonio Eleganti, Utili e Originali | Bomboniere Battesimo Personalizzate | Bomboniere tema mare;Bomboniere Anniversario di Matrimonio Utili e Personalizzate;Bomboniere tema mare;Bomboniere per tema > Bomboniere tema mare;https://www.albalu.it/categoria-prodotto/bomboniere-per-tema/bomboniere-tema-mare/;Bomboniere per tema > Bomboniere tema mare;multievento (Anniversario, Battesimo, Compleanno, Comunione, Cresima, Laurea, Matrimonio) -> tema/tipologia;
C;C - primaria su una categoria che non rispetta la regola;cambiare la primaria sulla categoria prevista dalla regola;https://www.albalu.it/prodotto/bomboniera-profumatore-tema-mare-tessuto-blu-con-applicazione-gesso/;Profumatore Tema Mare in Vetro | Albalù;Bomboniere e Confettate Prima Comunione Personalizzate | Bomboniere Anniversario di Matrimonio Utili e Personalizzate | Bomboniere Diciottesimo Ragazza Originali e Particolari | Bomboniere Diciottesimo Ragazzo Utili e Personalizzate | Bomboniere Compleanno | Bomboniere Cresima Personalizzate, Utili e Moderne | Bomboniere Laurea | Bomboniere Matrimonio Eleganti, Utili e Originali | Bomboniere tema mare;Bomboniere Anniversario di Matrimonio Utili e Personalizzate;Bomboniere tema mare;Bomboniere per tema > Bomboniere tema mare;https://www.albalu.it/categoria-prodotto/bomboniere-per-tema/bomboniere-tema-mare/;Bomboniere per tema > Bomboniere tema mare;multievento (Anniversario, Compleanno, Comunione, Cresima, Laurea, Matrimonio) -> tema/tipologia;
C;C - primaria su una categoria che non rispetta la regola;cambiare la primaria sulla categoria prevista dalla regola;https://www.albalu.it/prodotto/bomboniera-quadretto-in-legno-con-piastrella-sacra-famiglia-e-maternita-in-gres-porcellanato-e-cornice-tortora/;Bomboniera Quadretto in Legno Sacra Famiglia e Maternità;Bomboniere e Confettate Prima Comunione Personalizzate | Bomboniere Anniversario di Matrimonio Utili e Personalizzate | Bomboniere Cresima Personalizzate, Utili e Moderne | Bomboniere Matrimonio Eleganti, Utili e Originali | Bomboniere Battesimo Personalizzate | Bomboniere Religiose e Sacre;Bomboniere Anniversario di Matrimonio Utili e Personalizzate;Bomboniere Religiose e Sacre;Bomboniere per tema > Bomboniere Religiose e Sacre;https://www.albalu.it/categoria-prodotto/bomboniere-per-tema/bomboniere-religiose-sacre/;Bomboniere per tema > Bomboniere Religiose e Sacre;multievento (Anniversario, Battesimo, Comunione, Cresima, Matrimonio) -> tema/tipologia;
C;C - primaria su una categoria che non rispetta la regola;cambiare la primaria sulla categoria prevista dalla regola;https://www.albalu.it/prodotto/bomboniera-quadretto-sacra-famiglia-e-maternita-in-gres-porcellanato-da-muro-e-appoggio/;Bomboniera Quadretto Sacra Famiglia e Maternità in Gres Porcellanato da Muro e Appoggio;Bomboniere e Confettate Prima Comunione Personalizzate | Bomboniere Battesimo Personalizzate | Bomboniere Religiose e Sacre;Bomboniere Battesimo Personalizzate;Bomboniere Religiose e Sacre;Bomboniere per tema > Bomboniere Religiose e Sacre;https://www.albalu.it/categoria-prodotto/bomboniere-per-tema/bomboniere-religiose-sacre/;Bomboniere per tema > Bomboniere Religiose e Sacre;multievento (Battesimo, Comunione) -> tema/tipologia;
C;C - primaria su una categoria che non rispetta la regola;cambiare la primaria sulla categoria prevista dalla regola;https://www.albalu.it/prodotto/bomboniera-quadretto-sacra-famiglia-gres-shabby/;Quadretto Sacra Famiglia in Gres Shabby | Albalù;Bomboniere Religiose e Sacre;Bomboniere e Confettate Prima Comunione Personalizzate;Bomboniere Religiose e Sacre;Bomboniere per tema > Bomboniere Religiose e Sacre;https://www.albalu.it/categoria-prodotto/bomboniere-per-tema/bomboniere-religiose-sacre/;Bomboniere per tema > Bomboniere Religiose e Sacre;nessun evento -> tema/tipologia/altro;
C;C - primaria su una categoria che non rispetta la regola;cambiare la primaria sulla categoria prevista dalla regola;https://www.albalu.it/prodotto/bomboniera-sacra-in-legno-con-placca-sacra-famiglia-angeli-e-maternita-per-battesimo-comunione-e-cresima/;Bomboniera Icona Sacra in Legno | Albalù;Bomboniere e Confettate Prima Comunione Personalizzate | Bomboniere Cresima Personalizzate, Utili e Moderne | Bomboniere Matrimonio Eleganti, Utili e Originali | Bomboniere Battesimo Personalizzate | Bomboniere Religiose e Sacre;Bomboniere e Confettate Prima Comunione Personalizzate;Bomboniere Religiose e Sacre;Bomboniere per tema > Bomboniere Religiose e Sacre;https://www.albalu.it/categoria-prodotto/bomboniere-per-tema/bomboniere-religiose-sacre/;Bomboniere per tema > Bomboniere Religiose e Sacre;multievento (Battesimo, Comunione, Cresima, Matrimonio) -> tema/tipologia;
C;C - primaria su una categoria che non rispetta la regola;cambiare la primaria sulla categoria prevista dalla regola;https://www.albalu.it/prodotto/bomboniera-segnalibro-albero-della-vita-con-frase-motivazionale/;Segnalibro Albero della Vita con Frase | Albalù;Bomboniere e Confettate Prima Comunione Personalizzate | Bomboniere Anniversario di Matrimonio Utili e Personalizzate | Bomboniere Diciottesimo Ragazza Originali e Particolari | Bomboniere Diciottesimo Ragazzo Utili e Personalizzate | Bomboniere Compleanno | Bomboniere Cresima Personalizzate, Utili e Moderne | Bomboniere Laurea | Bomboniere Matrimonio Eleganti, Utili e Originali | Bomboniere Battesimo Personalizzate | Bomboniere Albero della Vita | Bomboniere Segnalibri Personalizzabili;Bomboniere per Tipologia: Portafoto, Profumatori, Orologi;Bomboniere Albero della Vita;Bomboniere per tema > Bomboniere Albero della Vita;https://www.albalu.it/categoria-prodotto/bomboniere-per-tema/bomboniere-albero-della-vita-simbolo-di-amore-e-radici/;Bomboniere per Tipologia: Portafoto, Profumatori, Orologi > Bomboniere Segnalibri Personalizzabili;multievento (Anniversario, Battesimo, Compleanno, Comunione, Cresima, Laurea, Matrimonio) -> tema/tipologia;
C;C - primaria su una categoria che non rispetta la regola;cambiare la primaria sulla categoria prevista dalla regola;https://www.albalu.it/prodotto/bomboniera-segnalibro-prima-comunione/;Bomboniera Segnalibro Prima Comunione;Bomboniere e Confettate Prima Comunione Personalizzate;Bomboniere per Tipologia: Portafoto, Profumatori, Orologi;Bomboniere e Confettate Prima Comunione Personalizzate;Bomboniere e Confettate Prima Comunione Personalizzate;https://www.albalu.it/categoria-prodotto/bomboniere-comunione-e-confettate/;Bomboniere e Confettate Prima Comunione Personalizzate;evento singolo (Comunione) -> categoria evento;
C;C - primaria su una categoria che non rispetta la regola;cambiare la primaria sulla categoria prevista dalla regola;https://www.albalu.it/prodotto/bomboniera-segnalibro-sport-personalizzabile-in-legno-con-frase-e-pendaglio/;Bomboniera Segnalibro Sport in Legno con Frase e pendaglio;Bomboniere e Confettate Prima Comunione Personalizzate | Bomboniere Cresima Personalizzate, Utili e Moderne | Bomboniere tema calcio;Bomboniere Cresima Personalizzate, Utili e Moderne;Bomboniere tema calcio;Bomboniere per tema > Bomboniere tema calcio;https://www.albalu.it/categoria-prodotto/bomboniere-per-tema/bomboniere-tema-calcio/;Bomboniere per tema > Bomboniere tema calcio;multievento (Comunione, Cresima) -> tema/tipologia;
C;C - primaria su una categoria che non rispetta la regola;cambiare la primaria sulla categoria prevista dalla regola;https://www.albalu.it/prodotto/bomboniera-segnaposto-albero-della-vita-e-applicazione-animaletti-nascita-e-battesimo/;Bomboniera Segnaposto Albero della vita e Animali;Bomboniere Compleanno | Compleanno Confettate Segnaposto | Bomboniere Battesimo Personalizzate | Segnaposto e Confettate Battesimo | Bomboniere tema animali per ogni occasione;Bomboniere Battesimo Personalizzate;Bomboniere tema animali per ogni occasione;Bomboniere per tema > Bomboniere tema animali per ogni occasione;https://www.albalu.it/categoria-prodotto/bomboniere-per-tema/bomboniere-tema-animali/;Bomboniere per tema > Bomboniere tema animali per ogni occasione;multievento (Battesimo, Compleanno) -> tema/tipologia;
C;C - primaria su una categoria che non rispetta la regola;cambiare la primaria sulla categoria prevista dalla regola;https://www.albalu.it/prodotto/bomboniera-sveglia-analogica-con-stampa-cresima/;Bomboniera Sveglia analogica con stampa Cresima;Bomboniere Cresima Personalizzate, Utili e Moderne | Bomboniere Portafoto Personalizzabili;Bomboniere per Tipologia: Portafoto, Profumatori, Orologi;Bomboniere Cresima Personalizzate, Utili e Moderne;Bomboniere e Confettate Cresima > Bomboniere Cresima Personalizzate, Utili e Moderne;https://www.albalu.it/categoria-prodotto/bomboniere-e-confettate-cresima/bomboniere-cresima/;Bomboniere per Tipologia: Portafoto, Profumatori, Orologi > Bomboniere Portafoto Personalizzabili;evento singolo (Cresima) -> categoria evento;
C;C - primaria su una categoria che non rispetta la regola;cambiare la primaria sulla categoria prevista dalla regola;https://www.albalu.it/prodotto/bomboniera-sveglia-analogica-con-stampa-farfalle/;Bomboniera Sveglia analogica con stampa Farfalle;Bomboniere Farfalle | Bomboniere per Tipologia: Portafoto, Profumatori, Orologi;Bomboniere per Tipologia: Portafoto, Profumatori, Orologi;Bomboniere Farfalle;Bomboniere per tema > Bomboniere Farfalle;https://www.albalu.it/categoria-prodotto/bomboniere-per-tema/bomboniere-farfalle/;Bomboniere per tema > Bomboniere Farfalle;nessun evento -> tema/tipologia/altro;
C;C - primaria su una categoria che non rispetta la regola;cambiare la primaria sulla categoria prevista dalla regola;https://www.albalu.it/prodotto/bomboniera-tagliere-e-sottopentola-albero-della-vita-in-legno-con-stampa-su-vetro-temperato/;Bomboniera Tagliere Albero della Vita in legno e vetro;Bomboniere e Confettate Prima Comunione Personalizzate | Bomboniere Anniversario di Matrimonio Utili e Personalizzate | Bomboniere Compleanno | Bomboniere Cresima Personalizzate, Utili e Moderne | Bomboniere Matrimonio Eleganti, Utili e Originali | Bomboniere Battesimo Personalizzate | Bomboniere Albero della Vita | Bomboniere tema amore: un gesto che parla al cuore;Bomboniere e Confettate Prima Comunione Personalizzate;Bomboniere Albero della Vita;Bomboniere per tema > Bomboniere Albero della Vita;https://www.albalu.it/categoria-prodotto/bomboniere-per-tema/bomboniere-albero-della-vita-simbolo-di-amore-e-radici/;Bomboniere per tema > Bomboniere tema amore: un gesto che parla al cuore;multievento (Anniversario, Battesimo, Compleanno, Comunione, Cresima, Matrimonio) -> tema/tipologia;
C;C - primaria su una categoria che non rispetta la regola;cambiare la primaria sulla categoria prevista dalla regola;https://www.albalu.it/prodotto/bomboniera-vangelo-in-ecopelle-con-applicazione-in-resina-bimbo-bimba-comunione-in-preghiera/;Bomboniera Vangelo Bimbo Bimba Comunione in Preghiera;Bomboniere e Confettate Prima Comunione Personalizzate | Bomboniere Cresima Personalizzate, Utili e Moderne | Bomboniere Religiose e Sacre;Bomboniere e Confettate Prima Comunione Personalizzate;Bomboniere Religiose e Sacre;Bomboniere per tema > Bomboniere Religiose e Sacre;https://www.albalu.it/categoria-prodotto/bomboniere-per-tema/bomboniere-religiose-sacre/;Bomboniere per tema > Bomboniere Religiose e Sacre;multievento (Comunione, Cresima) -> tema/tipologia;
C;C - primaria su una categoria che non rispetta la regola;cambiare la primaria sulla categoria prevista dalla regola;https://www.albalu.it/prodotto/bomboniere-appendi-chiavi-utili-maternita-e-sacra-famiglia-matrimonio-battesimo-comunione/;Bomboniere Appendi Chiavi Maternità e Sacra Famiglia In Legno;Bomboniere e Confettate Prima Comunione Personalizzate | Bomboniere Anniversario di Matrimonio Utili e Personalizzate | Bomboniere Compleanno | Bomboniere Cresima Personalizzate, Utili e Moderne | Bomboniere Matrimonio Eleganti, Utili e Originali | Bomboniere Battesimo Personalizzate | Bomboniere Religiose e Sacre;Bomboniere Anniversario di Matrimonio Utili e Personalizzate;Bomboniere Religiose e Sacre;Bomboniere per tema > Bomboniere Religiose e Sacre;https://www.albalu.it/categoria-prodotto/bomboniere-per-tema/bomboniere-religiose-sacre/;Bomboniere per tema > Bomboniere Religiose e Sacre;multievento (Anniversario, Battesimo, Compleanno, Comunione, Cresima, Matrimonio) -> tema/tipologia;
C;C - primaria su una categoria che non rispetta la regola;cambiare la primaria sulla categoria prevista dalla regola;https://www.albalu.it/prodotto/bomboniere-matrimonio-personalizzabili-orologio-mappamondo-con-coppia-sposi/;Bomboniera Matrimonio Mappamondo | Albalù;Bomboniere Anniversario di Matrimonio Utili e Personalizzate | Bomboniere Matrimonio Eleganti, Utili e Originali | Bomboniere tema amore: un gesto che parla al cuore;Bomboniere Matrimonio Eleganti, Utili e Originali;Bomboniere tema amore: un gesto che parla al cuore;Bomboniere per tema > Bomboniere tema amore: un gesto che parla al cuore;https://www.albalu.it/categoria-prodotto/bomboniere-per-tema/bomboniere-tema-amore-un-gesto-che-parla-al-cuore/;Bomboniere per tema > Bomboniere tema amore: un gesto che parla al cuore;multievento (Anniversario, Matrimonio) -> tema/tipologia;
C;C - primaria su una categoria che non rispetta la regola;cambiare la primaria sulla categoria prevista dalla regola;https://www.albalu.it/prodotto/bomboniere-portachiavi-albero-della-vita-in-zama-metallo/;Bomboniere Portachiavi Albero della vita in Zama metallo;Confettate e Segnaposto Comunione | Anniversario di Matrimonio: Confettate e Segnaposto | Bomboniere Compleanno | Compleanno Confettate Segnaposto | Segnaposto e Confettata Cresima Personalizzati | Segnaposto e Confettata Matrimonio Personalizzati | Segnaposto e Confettate Battesimo;Bomboniere e Confettate Prima Comunione Personalizzate;Bomboniere Compleanno;Bomboniere e Confettate Compleanno > Bomboniere Compleanno;https://www.albalu.it/categoria-prodotto/bomboniere-e-confettate-compleanno/bomboniere-compleanno-personalizzate/;Anniversario di Matrimonio: Confettate e Segnaposto;multievento (Anniversario, Battesimo, Compleanno, Comunione, Cresima, Matrimonio) -> tema/tipologia;multievento senza categoria tema/tipologia assegnata: valutare di assegnarne una
C;C - primaria su una categoria che non rispetta la regola;cambiare la primaria sulla categoria prevista dalla regola;https://www.albalu.it/prodotto/cavalletto-portafoto-in-plex-con-applicazioni-varie-in-resina-a-tema-nascita-e-battesimo/;Bomboniera Quadretto Sacra Famiglia e Maternità su cavalletto;Bomboniere e Confettate Prima Comunione Personalizzate | Bomboniere Anniversario di Matrimonio Utili e Personalizzate | Bomboniere Compleanno | Bomboniere Cresima Personalizzate, Utili e Moderne | Bomboniere Matrimonio Eleganti, Utili e Originali | Bomboniere Battesimo Personalizzate | Bomboniere Religiose e Sacre;Bomboniere Anniversario di Matrimonio Utili e Personalizzate;Bomboniere Religiose e Sacre;Bomboniere per tema > Bomboniere Religiose e Sacre;https://www.albalu.it/categoria-prodotto/bomboniere-per-tema/bomboniere-religiose-sacre/;Bomboniere per tema > Bomboniere Religiose e Sacre;multievento (Anniversario, Battesimo, Compleanno, Comunione, Cresima, Matrimonio) -> tema/tipologia;
C;C - primaria su una categoria che non rispetta la regola;cambiare la primaria sulla categoria prevista dalla regola;https://www.albalu.it/prodotto/confettata-magnete-maiolica-in-gres-porcellanato-decorata-con-supporto-da-appoggio-e-scatola/;Magnete Maiolica in Gres Porcellanato con cavalletto;Confettate e Segnaposto Comunione | Anniversario di Matrimonio: Confettate e Segnaposto | Bomboniere Compleanno | Compleanno Confettate Segnaposto | Segnaposto e Confettata Cresima Personalizzati | Segnaposto e Confettata Matrimonio Personalizzati | Segnaposto e Confettate Battesimo;Bomboniere e Confettate Prima Comunione Personalizzate;Bomboniere Compleanno;Bomboniere e Confettate Compleanno > Bomboniere Compleanno;https://www.albalu.it/categoria-prodotto/bomboniere-e-confettate-compleanno/bomboniere-compleanno-personalizzate/;Anniversario di Matrimonio: Confettate e Segnaposto;multievento (Anniversario, Battesimo, Compleanno, Comunione, Cresima, Matrimonio) -> tema/tipologia;multievento senza categoria tema/tipologia assegnata: valutare di assegnarne una
C;C - primaria su una categoria che non rispetta la regola;cambiare la primaria sulla categoria prevista dalla regola;https://www.albalu.it/prodotto/confettata-portaconfetti-bomboniera-angelo-che-prega-in-vetro/;Portaconfetti Angelo che Prega | Albalù;Confettate e Segnaposto Comunione | Bomboniere Compleanno | Compleanno Confettate Segnaposto | Segnaposto e Confettata Cresima Personalizzati | Segnaposto e Confettate Battesimo | Bomboniere Religiose e Sacre;Bomboniere Compleanno;Bomboniere Religiose e Sacre;Bomboniere per tema > Bomboniere Religiose e Sacre;https://www.albalu.it/categoria-prodotto/bomboniere-per-tema/bomboniere-religiose-sacre/;Bomboniere per tema > Bomboniere Religiose e Sacre;multievento (Battesimo, Compleanno, Comunione, Cresima) -> tema/tipologia;
C;C - primaria su una categoria che non rispetta la regola;cambiare la primaria sulla categoria prevista dalla regola;https://www.albalu.it/prodotto/croce-in-resina-per-confettata-a-tema-vita-comunione-e-cresima/;Croce Resina Confettata Comunione | Albalù;Confettate e Segnaposto Comunione | Anniversario di Matrimonio: Confettate e Segnaposto | Compleanno Confettate Segnaposto | Segnaposto e Confettata Cresima Personalizzati | Segnaposto e Confettata Matrimonio Personalizzati | Segnaposto e Confettate Battesimo | Bomboniere Religiose e Sacre;Anniversario di Matrimonio: Confettate e Segnaposto;Bomboniere Religiose e Sacre;Bomboniere per tema > Bomboniere Religiose e Sacre;https://www.albalu.it/categoria-prodotto/bomboniere-per-tema/bomboniere-religiose-sacre/;Bomboniere per tema > Bomboniere Religiose e Sacre;multievento (Anniversario, Battesimo, Compleanno, Comunione, Cresima, Matrimonio) -> tema/tipologia;
C;C - primaria su una categoria che non rispetta la regola;cambiare la primaria sulla categoria prevista dalla regola;https://www.albalu.it/prodotto/farfalla-con-base-da-appoggio-in-cristallo-colorato/;Bomboniera Farfalla Cristallo Rosa e Celeste;Bomboniere e Confettate Prima Comunione Personalizzate | Bomboniere Anniversario di Matrimonio Utili e Personalizzate | Bomboniere Compleanno | Bomboniere Cresima Personalizzate, Utili e Moderne | Bomboniere Matrimonio Eleganti, Utili e Originali | Bomboniere Battesimo Personalizzate | Bomboniere Farfalle;Bomboniere e Confettate Prima Comunione Personalizzate;Bomboniere Farfalle;Bomboniere per tema > Bomboniere Farfalle;https://www.albalu.it/categoria-prodotto/bomboniere-per-tema/bomboniere-farfalle/;Bomboniere per tema > Bomboniere Farfalle;multievento (Anniversario, Battesimo, Compleanno, Comunione, Cresima, Matrimonio) -> tema/tipologia;
C;C - primaria su una categoria che non rispetta la regola;cambiare la primaria sulla categoria prevista dalla regola;https://www.albalu.it/prodotto/icona-cuore-a-tema-maternita-o-sacra-famiglia-con-frase-stampata-a-rilievo-su-legno-laccato/;Icona Cuore a Tema Maternità o Sacra Famiglia con Frase stampata a rilievo su Legno Laccato;Bomboniere e Confettate Prima Comunione Personalizzate | Bomboniere Anniversario di Matrimonio Utili e Personalizzate | Bomboniere Compleanno | Bomboniere Cresima Personalizzate, Utili e Moderne | Bomboniere Matrimonio Eleganti, Utili e Originali | Bomboniere Battesimo Personalizzate | Bomboniere Religiose e Sacre;Bomboniere Anniversario di Matrimonio Utili e Personalizzate;Bomboniere Religiose e Sacre;Bomboniere per tema > Bomboniere Religiose e Sacre;https://www.albalu.it/categoria-prodotto/bomboniere-per-tema/bomboniere-religiose-sacre/;Bomboniere per tema > Bomboniere Religiose e Sacre;multievento (Anniversario, Battesimo, Compleanno, Comunione, Cresima, Matrimonio) -> tema/tipologia;
C;C - primaria su una categoria che non rispetta la regola;cambiare la primaria sulla categoria prevista dalla regola;https://www.albalu.it/prodotto/icona-in-resina-cuore-da-appoggio-sacra-famiglia-e-maternita-decorata-a-mano/;Icona in Resina Cuore da Appoggio Sacra Famiglia e Maternità Decorata a mano;Confettate e Segnaposto Comunione | Anniversario di Matrimonio: Confettate e Segnaposto | Bomboniere Compleanno | Compleanno Confettate Segnaposto | Segnaposto e Confettata Cresima Personalizzati | Segnaposto e Confettata Matrimonio Personalizzati | Segnaposto e Confettate Battesimo | Bomboniere Religiose e Sacre;Anniversario di Matrimonio: Confettate e Segnaposto;Bomboniere Religiose e Sacre;Bomboniere per tema > Bomboniere Religiose e Sacre;https://www.albalu.it/categoria-prodotto/bomboniere-per-tema/bomboniere-religiose-sacre/;Bomboniere per tema > Bomboniere Religiose e Sacre;multievento (Anniversario, Battesimo, Compleanno, Comunione, Cresima, Matrimonio) -> tema/tipologia;
C;C - primaria su una categoria che non rispetta la regola;cambiare la primaria sulla categoria prevista dalla regola;https://www.albalu.it/prodotto/icona-nuvoletta-sacra-famiglia-glitterata-su-legno-sagomato-da-appoggio-e-muro/;Bomboniera Icona Sacra Famiglia Glitterata in legno;Bomboniere e Confettate Prima Comunione Personalizzate | Bomboniere Anniversario di Matrimonio Utili e Personalizzate | Bomboniere Compleanno | Bomboniere Cresima Personalizzate, Utili e Moderne | Bomboniere Matrimonio Eleganti, Utili e Originali | Bomboniere Battesimo Personalizzate | Bomboniere Religiose e Sacre;Bomboniere Anniversario di Matrimonio Utili e Personalizzate;Bomboniere Religiose e Sacre;Bomboniere per tema > Bomboniere Religiose e Sacre;https://www.albalu.it/categoria-prodotto/bomboniere-per-tema/bomboniere-religiose-sacre/;Bomboniere per tema > Bomboniere Religiose e Sacre;multievento (Anniversario, Battesimo, Compleanno, Comunione, Cresima, Matrimonio) -> tema/tipologia;
C;C - primaria su una categoria che non rispetta la regola;cambiare la primaria sulla categoria prevista dalla regola;https://www.albalu.it/prodotto/icona-nuvoletta-tema-maternita-glitterata-su-legno-sagomato-da-appoggio-e-muro/;Bomboniera Nuvoletta sacra Maternità su Legno Sagomato;Bomboniere e Confettate Prima Comunione Personalizzate | Bomboniere Anniversario di Matrimonio Utili e Personalizzate | Bomboniere Compleanno | Bomboniere Cresima Personalizzate, Utili e Moderne | Bomboniere Matrimonio Eleganti, Utili e Originali | Bomboniere Battesimo Personalizzate | Bomboniere Religiose e Sacre;Bomboniere e Confettate Prima Comunione Personalizzate;Bomboniere Religiose e Sacre;Bomboniere per tema > Bomboniere Religiose e Sacre;https://www.albalu.it/categoria-prodotto/bomboniere-per-tema/bomboniere-religiose-sacre/;Bomboniere per tema > Bomboniere Religiose e Sacre;multievento (Anniversario, Battesimo, Compleanno, Comunione, Cresima, Matrimonio) -> tema/tipologia;
C;C - primaria su una categoria che non rispetta la regola;cambiare la primaria sulla categoria prevista dalla regola;https://www.albalu.it/prodotto/icona-sacra-bomboniera-a-forma-di-cuore-con-retro-in-legno-laccato-e-placca-in-argento-laminato-colorato-a-temi-vari/;Icona Sacra Bomboniera a Cuore | Albalù;Bomboniere e Confettate Prima Comunione Personalizzate | Bomboniere Anniversario di Matrimonio Utili e Personalizzate | Bomboniere Cresima Personalizzate, Utili e Moderne | Bomboniere Matrimonio Eleganti, Utili e Originali | Bomboniere Battesimo Personalizzate | Bomboniere Religiose e Sacre | Idee Regalo Originali e Artigianali;Bomboniere Anniversario di Matrimonio Utili e Personalizzate;Bomboniere Religiose e Sacre;Bomboniere per tema > Bomboniere Religiose e Sacre;https://www.albalu.it/categoria-prodotto/bomboniere-per-tema/bomboniere-religiose-sacre/;Bomboniere per tema > Bomboniere Religiose e Sacre;multievento (Anniversario, Battesimo, Comunione, Cresima, Matrimonio) -> tema/tipologia;
C;C - primaria su una categoria che non rispetta la regola;cambiare la primaria sulla categoria prevista dalla regola;https://www.albalu.it/prodotto/icona-sacra-sagomata-in-argento-laminato/;Icona Sacra Sagomata In Argento Laminato;Bomboniere e Confettate Prima Comunione Personalizzate | Bomboniere Cresima Personalizzate, Utili e Moderne | Bomboniere Religiose e Sacre;Bomboniere e Confettate Prima Comunione Personalizzate;Bomboniere Religiose e Sacre;Bomboniere per tema > Bomboniere Religiose e Sacre;https://www.albalu.it/categoria-prodotto/bomboniere-per-tema/bomboniere-religiose-sacre/;Bomboniere per tema > Bomboniere Religiose e Sacre;multievento (Comunione, Cresima) -> tema/tipologia;
C;C - primaria su una categoria che non rispetta la regola;cambiare la primaria sulla categoria prevista dalla regola;https://www.albalu.it/prodotto/magnete-confettata-real-life-gres/;Magnete Real Life in Gres per Confettata | Albalu;Confettate e Segnaposto Comunione | Anniversario di Matrimonio: Confettate e Segnaposto | Bomboniere Diciottesimo Ragazza Originali e Particolari | Bomboniere Diciottesimo Ragazzo Utili e Personalizzate | Bomboniere Compleanno | Compleanno Confettate Segnaposto | Segnaposto e Confettata Cresima Personalizzati | Segnaposto e Confettata Matrimonio Personalizzati | Segnaposto e Confettate Battesimo;Bomboniere per tema > Bomboniere tema amore: un gesto che parla al cuore;Confettate e Segnaposto Comunione;Bomboniere e Confettate Prima Comunione Personalizzate > Confettate e Segnaposto Comunione;https://www.albalu.it/categoria-prodotto/bomboniere-comunione-e-confettate/comunione-confettate-segnaposto/;Anniversario di Matrimonio: Confettate e Segnaposto;multievento (Anniversario, Battesimo, Compleanno, Comunione, Cresima, Matrimonio) -> tema/tipologia;multievento senza categoria tema/tipologia assegnata: valutare di assegnarne una
C;C - primaria su una categoria che non rispetta la regola;cambiare la primaria sulla categoria prevista dalla regola;https://www.albalu.it/prodotto/orologio-angioletto-in-preghiera-celeste-rosa-e-panna/;Orologio Angioletto in Preghiera Celeste Rosa e Panna;Bomboniere Compleanno | Bomboniere Battesimo Personalizzate | Bomboniere Religiose e Sacre;Bomboniere Battesimo Personalizzate;Bomboniere Religiose e Sacre;Bomboniere per tema > Bomboniere Religiose e Sacre;https://www.albalu.it/categoria-prodotto/bomboniere-per-tema/bomboniere-religiose-sacre/;Bomboniere per tema > Bomboniere Religiose e Sacre;multievento (Battesimo, Compleanno) -> tema/tipologia;
C;C - primaria su una categoria che non rispetta la regola;cambiare la primaria sulla categoria prevista dalla regola;https://www.albalu.it/prodotto/orologio-bomboniera-albero-della-vita-line-art-personalizzabile/;Orologio Bomboniera Albero della Vita Personalizzabile | Albalù;Bomboniere Albero della Vita | Bomboniere per Tipologia: Portafoto, Profumatori, Orologi;Bomboniere per Tipologia: Portafoto, Profumatori, Orologi;Bomboniere Albero della Vita;Bomboniere per tema > Bomboniere Albero della Vita;https://www.albalu.it/categoria-prodotto/bomboniere-per-tema/bomboniere-albero-della-vita-simbolo-di-amore-e-radici/;Bomboniere per tema > Bomboniere Albero della Vita: Simbolo di amore e radici;nessun evento -> tema/tipologia/altro;
C;C - primaria su una categoria che non rispetta la regola;cambiare la primaria sulla categoria prevista dalla regola;https://www.albalu.it/prodotto/orologio-bomboniera-visi-fineline-matrimonio-anniversario/;Orologio Bomboniera Visi Sposi Fineline | Albalù;Bomboniere per tema | Bomboniere per Tipologia: Portafoto, Profumatori, Orologi;Bomboniere per Tipologia: Portafoto, Profumatori, Orologi;Bomboniere per tema;Bomboniere per tema;https://www.albalu.it/categoria-prodotto/bomboniere-per-tema/;Bomboniere per tema;nessun evento -> tema/tipologia/altro;
C;C - primaria su una categoria che non rispetta la regola;cambiare la primaria sulla categoria prevista dalla regola;https://www.albalu.it/prodotto/porta-sacchetto-in-legno-tema-viaggio-con-mongolfiera-sacchetto-incluso/;Porta Sacchetto: Tema Viaggio con Mongolfiera e Sacchetto;Confettate e Segnaposto Comunione | Anniversario di Matrimonio: Confettate e Segnaposto | Compleanno Confettate Segnaposto | Segnaposto e Confettata Cresima Personalizzati | Confettate Segnaposto per Laurea | Segnaposto e Confettata Matrimonio Personalizzati | Segnaposto e Confettate Battesimo | Bomboniere tema viaggio;Anniversario di Matrimonio: Confettate e Segnaposto;Bomboniere tema viaggio;Bomboniere per tema > Bomboniere tema viaggio;https://www.albalu.it/categoria-prodotto/bomboniere-per-tema/bomboniere-tema-viaggio/;Bomboniere per tema > Bomboniere tema viaggio;multievento (Anniversario, Battesimo, Compleanno, Comunione, Cresima, Laurea, Matrimonio) -> tema/tipologia;
C;C - primaria su una categoria che non rispetta la regola;cambiare la primaria sulla categoria prevista dalla regola;https://www.albalu.it/prodotto/portachiavi-in-legno-con-applicazioni-doppio-strato-a-tema-sacro-e-decorazioni-varie/;Bomboniere Portachiavi in Legno Tortora e Bianco;Confettate e Segnaposto Comunione | Anniversario di Matrimonio: Confettate e Segnaposto | Bomboniere Diciottesimo Ragazza Originali e Particolari | Bomboniere Diciottesimo Ragazzo Utili e Personalizzate | Bomboniere Compleanno | Compleanno Confettate Segnaposto | Segnaposto e Confettata Cresima Personalizzati | Segnaposto e Confettata Matrimonio Personalizzati | Segnaposto e Confettate Battesimo | Bomboniere Albero della Vita;Bomboniere e Confettate Prima Comunione Personalizzate;Bomboniere Albero della Vita;Bomboniere per tema > Bomboniere Albero della Vita;https://www.albalu.it/categoria-prodotto/bomboniere-per-tema/bomboniere-albero-della-vita-simbolo-di-amore-e-radici/;Bomboniere per tema > Bomboniere Albero della Vita: Simbolo di amore e radici;multievento (Anniversario, Battesimo, Compleanno, Comunione, Cresima, Matrimonio) -> tema/tipologia;
C;C - primaria su una categoria che non rispetta la regola;cambiare la primaria sulla categoria prevista dalla regola;https://www.albalu.it/prodotto/portachiavi-in-legno-con-applicazioni-doppio-strato-a-tema-viaggio/;Bomboniere Portachiavi in Legno Tema Viaggio;Confettate e Segnaposto Comunione | Anniversario di Matrimonio: Confettate e Segnaposto | Bomboniere Diciottesimo Ragazza Originali e Particolari | Bomboniere Diciottesimo Ragazzo Utili e Personalizzate | Bomboniere Compleanno | Compleanno Confettate Segnaposto | Segnaposto e Confettata Cresima Personalizzati | Confettate Segnaposto per Laurea | Segnaposto e Confettata Matrimonio Personalizzati | Segnaposto e Confettate Battesimo | Bomboniere tema viaggio;Anniversario di Matrimonio: Confettate e Segnaposto;Bomboniere tema viaggio;Bomboniere per tema > Bomboniere tema viaggio;https://www.albalu.it/categoria-prodotto/bomboniere-per-tema/bomboniere-tema-viaggio/;Bomboniere per tema > Bomboniere tema viaggio;multievento (Anniversario, Battesimo, Compleanno, Comunione, Cresima, Laurea, Matrimonio) -> tema/tipologia;
C;C - primaria su una categoria che non rispetta la regola;cambiare la primaria sulla categoria prevista dalla regola;https://www.albalu.it/prodotto/portachiavi-sacri-per-battesimo-comunione-e-cresima-in-legno-a-forma-croce-cuore-e-fiore/;Portachiavi Sacri per Battesimo, Comunione e Cresima in Legno;Confettate e Segnaposto Comunione | Segnaposto e Confettata Cresima Personalizzati | Segnaposto e Confettate Battesimo | Bomboniere Religiose e Sacre;Bomboniere e Confettate Prima Comunione Personalizzate;Bomboniere Religiose e Sacre;Bomboniere per tema > Bomboniere Religiose e Sacre;https://www.albalu.it/categoria-prodotto/bomboniere-per-tema/bomboniere-religiose-sacre/;Bomboniere per tema > Bomboniere Religiose e Sacre;multievento (Battesimo, Comunione, Cresima) -> tema/tipologia;
C;C - primaria su una categoria che non rispetta la regola;cambiare la primaria sulla categoria prevista dalla regola;https://www.albalu.it/prodotto/portaconfetti-in-legno-a-tema-mare-con-sacchetto-assortiti/;Portaconfetti Tema Mare con Sacchetto Ancora Timone Barca;Confettate e Segnaposto Comunione | Anniversario di Matrimonio: Confettate e Segnaposto | Compleanno Confettate Segnaposto | Segnaposto e Confettata Cresima Personalizzati | Confettate Segnaposto per Laurea | Segnaposto e Confettata Matrimonio Personalizzati | Segnaposto e Confettate Battesimo | Bomboniere tema mare;Anniversario di Matrimonio: Confettate e Segnaposto;Bomboniere tema mare;Bomboniere per tema > Bomboniere tema mare;https://www.albalu.it/categoria-prodotto/bomboniere-per-tema/bomboniere-tema-mare/;Bomboniere per tema > Bomboniere tema mare;multievento (Anniversario, Battesimo, Compleanno, Comunione, Cresima, Laurea, Matrimonio) -> tema/tipologia;
C;C - primaria su una categoria che non rispetta la regola;cambiare la primaria sulla categoria prevista dalla regola;https://www.albalu.it/prodotto/portafoto-legno-personalizzato-nome-safari-farfalle/;Portafoto in legno personalizzato con nome, safari e farfalle;Bomboniere Farfalle | Portafoto Personalizzati con Nome, Idea Regalo;Complementi d’arredo e idee regalo artigianali > Portafoto Personalizzati con Nome, Idea Regalo;Bomboniere Farfalle;Bomboniere per tema > Bomboniere Farfalle;https://www.albalu.it/categoria-prodotto/bomboniere-per-tema/bomboniere-farfalle/;Bomboniere per tema > Bomboniere Farfalle;nessun evento -> tema/tipologia/altro;
C;C - primaria su una categoria che non rispetta la regola;cambiare la primaria sulla categoria prevista dalla regola;https://www.albalu.it/prodotto/profumatore-a-forma-di-cuore-in-resina-colorata-con-applicazione-in-legno-sacra-famiglia/;Bomboniera Profumatore Sacra famiglia Cuore in Resina;Bomboniere e Confettate Prima Comunione Personalizzate | Bomboniere Anniversario di Matrimonio Utili e Personalizzate | Bomboniere Compleanno | Bomboniere Cresima Personalizzate, Utili e Moderne | Bomboniere Matrimonio Eleganti, Utili e Originali | Bomboniere Battesimo Personalizzate | Bomboniere Religiose e Sacre;Bomboniere e Confettate Prima Comunione Personalizzate;Bomboniere Religiose e Sacre;Bomboniere per tema > Bomboniere Religiose e Sacre;https://www.albalu.it/categoria-prodotto/bomboniere-per-tema/bomboniere-religiose-sacre/;Bomboniere per tema > Bomboniere Religiose e Sacre;multievento (Anniversario, Battesimo, Compleanno, Comunione, Cresima, Matrimonio) -> tema/tipologia;
C;C - primaria su una categoria che non rispetta la regola;cambiare la primaria sulla categoria prevista dalla regola;https://www.albalu.it/prodotto/profumatore-bomboniera-farfalla-o-cuore-vetro-bastoncini-scatola-ed-essenza-inclusi/;Profumatore Bomboniera Farfalla o Cuore | Albalù;Bomboniere e Confettate Prima Comunione Personalizzate | Bomboniere Compleanno | Bomboniere Cresima Personalizzate, Utili e Moderne | Bomboniere Battesimo Personalizzate | Bomboniere Farfalle;Bomboniere Battesimo Personalizzate;Bomboniere Farfalle;Bomboniere per tema > Bomboniere Farfalle;https://www.albalu.it/categoria-prodotto/bomboniere-per-tema/bomboniere-farfalle/;Bomboniere per tema > Bomboniere Farfalle;multievento (Battesimo, Compleanno, Comunione, Cresima) -> tema/tipologia;
C;C - primaria su una categoria che non rispetta la regola;cambiare la primaria sulla categoria prevista dalla regola;https://www.albalu.it/prodotto/profumatore-in-legno-tema-viaggio-con-applicazione-mongolfiera/;Bomboniera Profumatore Mongolfiera Tema Viaggio;Bomboniere e Confettate Prima Comunione Personalizzate | Bomboniere Anniversario di Matrimonio Utili e Personalizzate | Bomboniere Compleanno | Bomboniere Cresima Personalizzate, Utili e Moderne | Bomboniere Laurea | Bomboniere Matrimonio Eleganti, Utili e Originali | Bomboniere Battesimo Personalizzate | Bomboniere tema viaggio;Bomboniere e Confettate Prima Comunione Personalizzate;Bomboniere tema viaggio;Bomboniere per tema > Bomboniere tema viaggio;https://www.albalu.it/categoria-prodotto/bomboniere-per-tema/bomboniere-tema-viaggio/;Bomboniere per tema > Bomboniere tema viaggio;multievento (Anniversario, Battesimo, Compleanno, Comunione, Cresima, Laurea, Matrimonio) -> tema/tipologia;
C;C - primaria su una categoria che non rispetta la regola;cambiare la primaria sulla categoria prevista dalla regola;https://www.albalu.it/prodotto/profumatore-in-resina-effetto-marmo-con-diffusore-a-tema-albero-della-vita-e-applicazione-centrale-in-legno-sagomato/;Bomboniera Profumatore Albero della Vita | Albalù;Bomboniere Albero della Vita | Bomboniere Profumatori Ambienti Personalizzati;Bomboniere per Tipologia: Portafoto, Profumatori, Orologi;Bomboniere Albero della Vita;Bomboniere per tema > Bomboniere Albero della Vita;https://www.albalu.it/categoria-prodotto/bomboniere-per-tema/bomboniere-albero-della-vita-simbolo-di-amore-e-radici/;Bomboniere per Tipologia: Portafoto, Profumatori, Orologi > Bomboniere Profumatori Ambienti Personalizzati;nessun evento -> tema/tipologia/altro;
C;C - primaria su una categoria che non rispetta la regola;cambiare la primaria sulla categoria prevista dalla regola;https://www.albalu.it/prodotto/quadretto-in-legno-con-cavalletto-da-appoggio-e-applicazione-mattonella-doppia-centrale-in-gres-porcellanato-a-tema-sacro/;Quadretto in Legno con Cavalletto da Appoggio e Applicazione Mattonella Doppia Centrale in Gres Porcellanato a;Bomboniere e Confettate Prima Comunione Personalizzate | Bomboniere Anniversario di Matrimonio Utili e Personalizzate | Bomboniere Compleanno | Bomboniere Cresima Personalizzate, Utili e Moderne | Bomboniere Matrimonio Eleganti, Utili e Originali | Bomboniere Battesimo Personalizzate | Bomboniere Religiose e Sacre;Bomboniere Anniversario di Matrimonio Utili e Personalizzate;Bomboniere Religiose e Sacre;Bomboniere per tema > Bomboniere Religiose e Sacre;https://www.albalu.it/categoria-prodotto/bomboniere-per-tema/bomboniere-religiose-sacre/;Bomboniere per tema > Bomboniere Religiose e Sacre;multievento (Anniversario, Battesimo, Compleanno, Comunione, Cresima, Matrimonio) -> tema/tipologia;
C;C - primaria su una categoria che non rispetta la regola;cambiare la primaria sulla categoria prevista dalla regola;https://www.albalu.it/prodotto/quadretto-in-legno-con-piastrella-sacra-in-gres-porcellanato-e-cornice-tortora-quadrata/;Quadretto in Legno con Piastrella Sacra in Gres Porcellanato e Cornice Tortora Quadrata;Bomboniere e Confettate Prima Comunione Personalizzate | Bomboniere Anniversario di Matrimonio Utili e Personalizzate | Bomboniere Compleanno | Bomboniere Cresima Personalizzate, Utili e Moderne | Bomboniere Matrimonio Eleganti, Utili e Originali | Bomboniere Battesimo Personalizzate | Bomboniere Religiose e Sacre;Bomboniere Anniversario di Matrimonio Utili e Personalizzate;Bomboniere Religiose e Sacre;Bomboniere per tema > Bomboniere Religiose e Sacre;https://www.albalu.it/categoria-prodotto/bomboniere-per-tema/bomboniere-religiose-sacre/;Bomboniere per tema > Bomboniere Religiose e Sacre;multievento (Anniversario, Battesimo, Compleanno, Comunione, Cresima, Matrimonio) -> tema/tipologia;
C;C - primaria su una categoria che non rispetta la regola;cambiare la primaria sulla categoria prevista dalla regola;https://www.albalu.it/prodotto/tema-mare-barattolo-vetro-tappo-sughero-gessetto-conchiglia/;Bomboniera Tema Mare con Conchiglia | Albalù;Confettate e Segnaposto Comunione | Anniversario di Matrimonio: Confettate e Segnaposto | Compleanno Confettate Segnaposto | Segnaposto e Confettata Cresima Personalizzati | Segnaposto e Confettata Matrimonio Personalizzati | Segnaposto e Confettate Battesimo | Bomboniere tema mare;Anniversario di Matrimonio: Confettate e Segnaposto;Bomboniere tema mare;Bomboniere per tema > Bomboniere tema mare;https://www.albalu.it/categoria-prodotto/bomboniere-per-tema/bomboniere-tema-mare/;Bomboniere per tema > Bomboniere tema mare;multievento (Anniversario, Battesimo, Compleanno, Comunione, Cresima, Matrimonio) -> tema/tipologia;
D;D - primaria corretta: nessuna modifica al prodotto, serve solo allineare il breadcrumb visibile;nessuna modifica al prodotto;https://www.albalu.it/prodotto/bomboniera-anniversario-mare-ancora/;Bomboniera Anniversario Mare Ancora | Albalù;"Bomboniere 25 Anni di Matrimonio Nozze d&#039;Argento | Bomboniere 50 Anni di Matrimonio Nozze d&#039;Oro | Bomboniere Anniversario di Matrimonio Utili e Personalizzate";Bomboniere 25 Anni di Matrimonio Nozze d'Argento;"Bomboniere 25 Anni di Matrimonio Nozze d&#039;Argento";"Bomboniere e Confettate Anniversario > Bomboniere 25 Anni di Matrimonio Nozze d&#039;Argento";https://www.albalu.it/categoria-prodotto/bomboniere-e-confettate-anniversario/bomboniere-25-anni-matrimonio/;Bomboniere Anniversario di Matrimonio Utili e Personalizzate;evento singolo (Anniversario) -> categoria evento;
D;D - primaria corretta: nessuna modifica al prodotto, serve solo allineare il breadcrumb visibile;nessuna modifica al prodotto;https://www.albalu.it/prodotto/bomboniera-anniversario-mare-barca/;Bomboniera Anniversario Mare Barca | Albalù;"Bomboniere 25 Anni di Matrimonio Nozze d&#039;Argento | Bomboniere 50 Anni di Matrimonio Nozze d&#039;Oro | Bomboniere Anniversario di Matrimonio Utili e Personalizzate";Bomboniere 25 Anni di Matrimonio Nozze d'Argento;"Bomboniere 25 Anni di Matrimonio Nozze d&#039;Argento";"Bomboniere e Confettate Anniversario > Bomboniere 25 Anni di Matrimonio Nozze d&#039;Argento";https://www.albalu.it/categoria-prodotto/bomboniere-e-confettate-anniversario/bomboniere-25-anni-matrimonio/;Bomboniere Anniversario di Matrimonio Utili e Personalizzate;evento singolo (Anniversario) -> categoria evento;
D;D - primaria corretta: nessuna modifica al prodotto, serve solo allineare il breadcrumb visibile;nessuna modifica al prodotto;https://www.albalu.it/prodotto/bomboniera-anniversario-mare-faro/;Bomboniera Anniversario Mare Faro | Albalù;"Bomboniere 25 Anni di Matrimonio Nozze d&#039;Argento | Bomboniere 50 Anni di Matrimonio Nozze d&#039;Oro | Bomboniere Anniversario di Matrimonio Utili e Personalizzate";Bomboniere 25 Anni di Matrimonio Nozze d'Argento;"Bomboniere 25 Anni di Matrimonio Nozze d&#039;Argento";"Bomboniere e Confettate Anniversario > Bomboniere 25 Anni di Matrimonio Nozze d&#039;Argento";https://www.albalu.it/categoria-prodotto/bomboniere-e-confettate-anniversario/bomboniere-25-anni-matrimonio/;Bomboniere Anniversario di Matrimonio Utili e Personalizzate;evento singolo (Anniversario) -> categoria evento;
D;D - primaria corretta: nessuna modifica al prodotto, serve solo allineare il breadcrumb visibile;nessuna modifica al prodotto;https://www.albalu.it/prodotto/bomboniera-anniversario-mare-timone/;Bomboniera Anniversario Mare Timone | Albalù;"Bomboniere 25 Anni di Matrimonio Nozze d&#039;Argento | Bomboniere 50 Anni di Matrimonio Nozze d&#039;Oro | Bomboniere Anniversario di Matrimonio Utili e Personalizzate";Bomboniere 25 Anni di Matrimonio Nozze d'Argento;"Bomboniere 25 Anni di Matrimonio Nozze d&#039;Argento";"Bomboniere e Confettate Anniversario > Bomboniere 25 Anni di Matrimonio Nozze d&#039;Argento";https://www.albalu.it/categoria-prodotto/bomboniere-e-confettate-anniversario/bomboniere-25-anni-matrimonio/;Bomboniere Anniversario di Matrimonio Utili e Personalizzate;evento singolo (Anniversario) -> categoria evento;
D;D - primaria corretta: nessuna modifica al prodotto, serve solo allineare il breadcrumb visibile;nessuna modifica al prodotto;https://www.albalu.it/prodotto/bomboniera-anniversario-viaggio-aereo/;Bomboniera Anniversario Viaggio Aereo | Albalù;"Bomboniere 25 Anni di Matrimonio Nozze d&#039;Argento | Bomboniere 50 Anni di Matrimonio Nozze d&#039;Oro | Bomboniere Anniversario di Matrimonio Utili e Personalizzate";Bomboniere 25 Anni di Matrimonio Nozze d'Argento;"Bomboniere 25 Anni di Matrimonio Nozze d&#039;Argento";"Bomboniere e Confettate Anniversario > Bomboniere 25 Anni di Matrimonio Nozze d&#039;Argento";https://www.albalu.it/categoria-prodotto/bomboniere-e-confettate-anniversario/bomboniere-25-anni-matrimonio/;Bomboniere Anniversario di Matrimonio Utili e Personalizzate;evento singolo (Anniversario) -> categoria evento;
D;D - primaria corretta: nessuna modifica al prodotto, serve solo allineare il breadcrumb visibile;nessuna modifica al prodotto;https://www.albalu.it/prodotto/bomboniera-anniversario-viaggio-bussola/;Bomboniera Anniversario Viaggio Bussola | Albalù;"Bomboniere 25 Anni di Matrimonio Nozze d&#039;Argento | Bomboniere 50 Anni di Matrimonio Nozze d&#039;Oro | Bomboniere Anniversario di Matrimonio Utili e Personalizzate";Bomboniere 25 Anni di Matrimonio Nozze d'Argento;"Bomboniere 25 Anni di Matrimonio Nozze d&#039;Argento";"Bomboniere e Confettate Anniversario > Bomboniere 25 Anni di Matrimonio Nozze d&#039;Argento";https://www.albalu.it/categoria-prodotto/bomboniere-e-confettate-anniversario/bomboniere-25-anni-matrimonio/;Bomboniere Anniversario di Matrimonio Utili e Personalizzate;evento singolo (Anniversario) -> categoria evento;
D;D - primaria corretta: nessuna modifica al prodotto, serve solo allineare il breadcrumb visibile;nessuna modifica al prodotto;https://www.albalu.it/prodotto/bomboniera-anniversario-viaggio-macchina/;Bomboniera Anniversario Viaggio Macchina Fotografica;"Bomboniere 25 Anni di Matrimonio Nozze d&#039;Argento | Bomboniere 50 Anni di Matrimonio Nozze d&#039;Oro | Bomboniere Anniversario di Matrimonio Utili e Personalizzate";Bomboniere 25 Anni di Matrimonio Nozze d'Argento;"Bomboniere 25 Anni di Matrimonio Nozze d&#039;Argento";"Bomboniere e Confettate Anniversario > Bomboniere 25 Anni di Matrimonio Nozze d&#039;Argento";https://www.albalu.it/categoria-prodotto/bomboniere-e-confettate-anniversario/bomboniere-25-anni-matrimonio/;Bomboniere Anniversario di Matrimonio Utili e Personalizzate;evento singolo (Anniversario) -> categoria evento;
D;D - primaria corretta: nessuna modifica al prodotto, serve solo allineare il breadcrumb visibile;nessuna modifica al prodotto;https://www.albalu.it/prodotto/bomboniera-battesimo-calendario-perpetuo-albero-della-vita/;Bomboniera Battesimo Calendario Perpetuo Albero della Vita |;Bomboniere Battesimo Bimba | Bomboniere Battesimo Maschio | Bomboniere Battesimo Personalizzate;Bomboniere Battesimo Bimba;Bomboniere Battesimo Bimba;Bomboniere e Confettate Nascita e Battesimo > Bomboniere Battesimo Bimba;https://www.albalu.it/categoria-prodotto/bomboniere-e-confettate-nascita-battesimo/bomboniere-battesimo-bimba/;Bomboniere Battesimo Personalizzate;evento singolo (Battesimo) -> categoria evento;
D;D - primaria corretta: nessuna modifica al prodotto, serve solo allineare il breadcrumb visibile;nessuna modifica al prodotto;https://www.albalu.it/prodotto/bomboniera-battesimo-carillon-orsetto-angelo/;Bomboniera Battesimo Carillon Orsetto Angelo;Bomboniere Battesimo Personalizzate | Bomboniere Religiose e Sacre;Bomboniere Battesimo Personalizzate;Bomboniere Battesimo Personalizzate;Bomboniere e Confettate Nascita e Battesimo > Bomboniere Battesimo Personalizzate;https://www.albalu.it/categoria-prodotto/bomboniere-e-confettate-nascita-battesimo/bomboniere-nascita-e-battesimo/;Bomboniere per tema > Bomboniere Religiose e Sacre;evento singolo (Battesimo) -> categoria evento;
D;D - primaria corretta: nessuna modifica al prodotto, serve solo allineare il breadcrumb visibile;nessuna modifica al prodotto;https://www.albalu.it/prodotto/bomboniera-battesimo-elefante-portafoto-safari/;Bomboniera Battesimo Elefante Portafoto Safari | Albalù;Bomboniere Battesimo Maschio | Bomboniere Battesimo Personalizzate | Bomboniere tema animali per ogni occasione;Bomboniere Battesimo Maschio;Bomboniere Battesimo Maschio;Bomboniere e Confettate Nascita e Battesimo > Bomboniere Battesimo Maschio;https://www.albalu.it/categoria-prodotto/bomboniere-e-confettate-nascita-battesimo/bomboniere-battesimo-maschio/;Bomboniere per tema > Bomboniere tema animali per ogni occasione;evento singolo (Battesimo) -> categoria evento;
D;D - primaria corretta: nessuna modifica al prodotto, serve solo allineare il breadcrumb visibile;nessuna modifica al prodotto;https://www.albalu.it/prodotto/bomboniera-battesimo-ippopotamo-portafoto-safari/;Bomboniera Battesimo Ippopotamo Portafoto Safari | Albalù;Bomboniere Battesimo Maschio | Bomboniere Battesimo Personalizzate | Bomboniere tema animali per ogni occasione;Bomboniere Battesimo Maschio;Bomboniere Battesimo Maschio;Bomboniere e Confettate Nascita e Battesimo > Bomboniere Battesimo Maschio;https://www.albalu.it/categoria-prodotto/bomboniere-e-confettate-nascita-battesimo/bomboniere-battesimo-maschio/;Bomboniere per tema > Bomboniere tema animali per ogni occasione;evento singolo (Battesimo) -> categoria evento;
D;D - primaria corretta: nessuna modifica al prodotto, serve solo allineare il breadcrumb visibile;nessuna modifica al prodotto;https://www.albalu.it/prodotto/bomboniera-battesimo-lampada-esagonale-cuore/;Bomboniera Battesimo Lampada Cuore Personalizzabile | Albalù;Bomboniere Battesimo Bimba | Bomboniere Battesimo Personalizzate;Bomboniere Battesimo Bimba;Bomboniere Battesimo Bimba;Bomboniere e Confettate Nascita e Battesimo > Bomboniere Battesimo Bimba;https://www.albalu.it/categoria-prodotto/bomboniere-e-confettate-nascita-battesimo/bomboniere-battesimo-bimba/;Bomboniere Battesimo Personalizzate;evento singolo (Battesimo) -> categoria evento;
D;D - primaria corretta: nessuna modifica al prodotto, serve solo allineare il breadcrumb visibile;nessuna modifica al prodotto;https://www.albalu.it/prodotto/bomboniera-battesimo-leone-portafoto-safari/;Bomboniera Battesimo Leone Portafoto Safari | Albalù;Bomboniere Battesimo Maschio | Bomboniere Battesimo Personalizzate | Bomboniere tema animali per ogni occasione;Bomboniere Battesimo Maschio;Bomboniere Battesimo Maschio;Bomboniere e Confettate Nascita e Battesimo > Bomboniere Battesimo Maschio;https://www.albalu.it/categoria-prodotto/bomboniere-e-confettate-nascita-battesimo/bomboniere-battesimo-maschio/;Bomboniere per tema > Bomboniere tema animali per ogni occasione;evento singolo (Battesimo) -> categoria evento;
D;D - primaria corretta: nessuna modifica al prodotto, serve solo allineare il breadcrumb visibile;nessuna modifica al prodotto;https://www.albalu.it/prodotto/bomboniera-battesimo-maternita-shabby-gres/;Bomboniera Battesimo Maternità Shabby Gres | Albalù;Bomboniere Battesimo Personalizzate | Bomboniere Religiose e Sacre;Bomboniere Battesimo Personalizzate;Bomboniere Battesimo Personalizzate;Bomboniere e Confettate Nascita e Battesimo > Bomboniere Battesimo Personalizzate;https://www.albalu.it/categoria-prodotto/bomboniere-e-confettate-nascita-battesimo/bomboniere-nascita-e-battesimo/;Bomboniere per tema > Bomboniere Religiose e Sacre;evento singolo (Battesimo) -> categoria evento;
D;D - primaria corretta: nessuna modifica al prodotto, serve solo allineare il breadcrumb visibile;nessuna modifica al prodotto;https://www.albalu.it/prodotto/bomboniera-battesimo-pianta-grassa-safari/;Bomboniera Battesimo Safari Pianta Grassa | Albalù;Bomboniere Battesimo Maschio | Bomboniere Battesimo Personalizzate;Bomboniere Battesimo Maschio;Bomboniere Battesimo Maschio;Bomboniere e Confettate Nascita e Battesimo > Bomboniere Battesimo Maschio;https://www.albalu.it/categoria-prodotto/bomboniere-e-confettate-nascita-battesimo/bomboniere-battesimo-maschio/;Bomboniere Battesimo Personalizzate;evento singolo (Battesimo) -> categoria evento;
D;D - primaria corretta: nessuna modifica al prodotto, serve solo allineare il breadcrumb visibile;nessuna modifica al prodotto;https://www.albalu.it/prodotto/bomboniera-battesimo-piccolo-principe/;Bomboniera Battesimo Piccolo Principe | Albalù;Bomboniere Battesimo Maschio | Bomboniere Battesimo Personalizzate;Bomboniere Battesimo Maschio;Bomboniere Battesimo Maschio;Bomboniere e Confettate Nascita e Battesimo > Bomboniere Battesimo Maschio;https://www.albalu.it/categoria-prodotto/bomboniere-e-confettate-nascita-battesimo/bomboniere-battesimo-maschio/;Bomboniere Battesimo Personalizzate;evento singolo (Battesimo) -> categoria evento;
D;D - primaria corretta: nessuna modifica al prodotto, serve solo allineare il breadcrumb visibile;nessuna modifica al prodotto;https://www.albalu.it/prodotto/bomboniera-battesimo-portafoto-albero-della-vita/;Bomboniera Battesimo Portafoto Albero della Vita | Albalù;Bomboniere Battesimo Maschio | Bomboniere Battesimo Personalizzate;Bomboniere Battesimo Maschio;Bomboniere Battesimo Maschio;Bomboniere e Confettate Nascita e Battesimo > Bomboniere Battesimo Maschio;https://www.albalu.it/categoria-prodotto/bomboniere-e-confettate-nascita-battesimo/bomboniere-battesimo-maschio/;Bomboniere Battesimo Personalizzate;evento singolo (Battesimo) -> categoria evento;
D;D - primaria corretta: nessuna modifica al prodotto, serve solo allineare il breadcrumb visibile;nessuna modifica al prodotto;https://www.albalu.it/prodotto/bomboniera-battesimo-portafoto-con-farfalle/;Bomboniera Battesimo Portafoto con Farfalle | Albalù;Bomboniere Battesimo Bimba | Bomboniere Battesimo Personalizzate;Bomboniere Battesimo Bimba;Bomboniere Battesimo Bimba;Bomboniere e Confettate Nascita e Battesimo > Bomboniere Battesimo Bimba;https://www.albalu.it/categoria-prodotto/bomboniere-e-confettate-nascita-battesimo/bomboniere-battesimo-bimba/;Bomboniere Battesimo Personalizzate;evento singolo (Battesimo) -> categoria evento;
D;D - primaria corretta: nessuna modifica al prodotto, serve solo allineare il breadcrumb visibile;nessuna modifica al prodotto;https://www.albalu.it/prodotto/bomboniera-battesimo-portafoto-con-margherite/;Bomboniera Battesimo Portafoto con Margherite | Albalù;Bomboniere Battesimo Bimba | Bomboniere Battesimo Personalizzate;Bomboniere Battesimo Bimba;Bomboniere Battesimo Bimba;Bomboniere e Confettate Nascita e Battesimo > Bomboniere Battesimo Bimba;https://www.albalu.it/categoria-prodotto/bomboniere-e-confettate-nascita-battesimo/bomboniere-battesimo-bimba/;Bomboniere Battesimo Personalizzate;evento singolo (Battesimo) -> categoria evento;
D;D - primaria corretta: nessuna modifica al prodotto, serve solo allineare il breadcrumb visibile;nessuna modifica al prodotto;https://www.albalu.it/prodotto/bomboniera-battesimo-profumatore-sacra-famiglia/;Bomboniera Battesimo Sacra Famiglia Profumatore | Albalù;Bomboniere Battesimo Bimba | Bomboniere Battesimo Maschio | Bomboniere Battesimo Personalizzate;Bomboniere Battesimo Bimba;Bomboniere Battesimo Bimba;Bomboniere e Confettate Nascita e Battesimo > Bomboniere Battesimo Bimba;https://www.albalu.it/categoria-prodotto/bomboniere-e-confettate-nascita-battesimo/bomboniere-battesimo-bimba/;Bomboniere Battesimo Personalizzate;evento singolo (Battesimo) -> categoria evento;
D;D - primaria corretta: nessuna modifica al prodotto, serve solo allineare il breadcrumb visibile;nessuna modifica al prodotto;https://www.albalu.it/prodotto/bomboniera-battesimo-scimmia-portafoto-safari/;Bomboniera Battesimo Scimmia Portafoto Safari | Albalù;Bomboniere Battesimo Maschio | Bomboniere Battesimo Personalizzate | Bomboniere tema animali per ogni occasione;Bomboniere Battesimo Maschio;Bomboniere Battesimo Maschio;Bomboniere e Confettate Nascita e Battesimo > Bomboniere Battesimo Maschio;https://www.albalu.it/categoria-prodotto/bomboniere-e-confettate-nascita-battesimo/bomboniere-battesimo-maschio/;Bomboniere per tema > Bomboniere tema animali per ogni occasione;evento singolo (Battesimo) -> categoria evento;
D;D - primaria corretta: nessuna modifica al prodotto, serve solo allineare il breadcrumb visibile;nessuna modifica al prodotto;https://www.albalu.it/prodotto/bomboniera-battesimo-tigre-portafoto-safari/;Bomboniera Battesimo Tigre Portafoto Safari | Albalù;Bomboniere Battesimo Maschio | Bomboniere Battesimo Personalizzate | Bomboniere tema animali per ogni occasione;Bomboniere Battesimo Maschio;Bomboniere Battesimo Maschio;Bomboniere e Confettate Nascita e Battesimo > Bomboniere Battesimo Maschio;https://www.albalu.it/categoria-prodotto/bomboniere-e-confettate-nascita-battesimo/bomboniere-battesimo-maschio/;Bomboniere per tema > Bomboniere tema animali per ogni occasione;evento singolo (Battesimo) -> categoria evento;
D;D - primaria corretta: nessuna modifica al prodotto, serve solo allineare il breadcrumb visibile;nessuna modifica al prodotto;https://www.albalu.it/prodotto/bomboniera-battesimo-zebra-portafoto-safari/;Bomboniera Battesimo Zebra Portafoto Safari | Albalù;Bomboniere Battesimo Maschio | Bomboniere Battesimo Personalizzate | Bomboniere tema animali per ogni occasione;Bomboniere Battesimo Maschio;Bomboniere Battesimo Maschio;Bomboniere e Confettate Nascita e Battesimo > Bomboniere Battesimo Maschio;https://www.albalu.it/categoria-prodotto/bomboniere-e-confettate-nascita-battesimo/bomboniere-battesimo-maschio/;Bomboniere per tema > Bomboniere tema animali per ogni occasione;evento singolo (Battesimo) -> categoria evento;
D;D - primaria corretta: nessuna modifica al prodotto, serve solo allineare il breadcrumb visibile;nessuna modifica al prodotto;https://www.albalu.it/prodotto/bomboniera-calendario-perpetuo-in-legno-con-elefante/;Bomboniera Calendario Perpetuo Legno Elefantino | Albalù;Bomboniere tema animali per ogni occasione | Bomboniere Calendario Perpetuo Personalizzabili;Bomboniere per tema > Bomboniere tema animali per ogni occasione;Bomboniere tema animali per ogni occasione;Bomboniere per tema > Bomboniere tema animali per ogni occasione;https://www.albalu.it/categoria-prodotto/bomboniere-per-tema/bomboniere-tema-animali/;Bomboniere per Tipologia: Portafoto, Profumatori, Orologi > Bomboniere Calendario Perpetuo Personalizzabili;nessun evento -> tema/tipologia/altro;
D;D - primaria corretta: nessuna modifica al prodotto, serve solo allineare il breadcrumb visibile;nessuna modifica al prodotto;https://www.albalu.it/prodotto/bomboniera-compleanno-elefante-portafoto-safari/;Bomboniera Compleanno Elefante Portafoto Safari | Albalù;Bomboniere Compleanno | Bomboniere tema animali per ogni occasione;Bomboniere Compleanno;Bomboniere Compleanno;Bomboniere e Confettate Compleanno > Bomboniere Compleanno;https://www.albalu.it/categoria-prodotto/bomboniere-e-confettate-compleanno/bomboniere-compleanno-personalizzate/;Bomboniere per tema > Bomboniere tema animali per ogni occasione;evento singolo (Compleanno) -> categoria evento;
D;D - primaria corretta: nessuna modifica al prodotto, serve solo allineare il breadcrumb visibile;nessuna modifica al prodotto;https://www.albalu.it/prodotto/bomboniera-compleanno-ippopotamo-portafoto-safari/;Bomboniera Compleanno Ippopotamo Portafoto Safari | Albalù;Bomboniere Compleanno | Bomboniere tema animali per ogni occasione;Bomboniere Compleanno;Bomboniere Compleanno;Bomboniere e Confettate Compleanno > Bomboniere Compleanno;https://www.albalu.it/categoria-prodotto/bomboniere-e-confettate-compleanno/bomboniere-compleanno-personalizzate/;Bomboniere per tema > Bomboniere tema animali per ogni occasione;evento singolo (Compleanno) -> categoria evento;
D;D - primaria corretta: nessuna modifica al prodotto, serve solo allineare il breadcrumb visibile;nessuna modifica al prodotto;https://www.albalu.it/prodotto/bomboniera-compleanno-leone-portafoto-safari/;Bomboniera Compleanno Leone Portafoto Safari | Albalù;Bomboniere Compleanno | Bomboniere tema animali per ogni occasione;Bomboniere Compleanno;Bomboniere Compleanno;Bomboniere e Confettate Compleanno > Bomboniere Compleanno;https://www.albalu.it/categoria-prodotto/bomboniere-e-confettate-compleanno/bomboniere-compleanno-personalizzate/;Bomboniere per tema > Bomboniere tema animali per ogni occasione;evento singolo (Compleanno) -> categoria evento;
D;D - primaria corretta: nessuna modifica al prodotto, serve solo allineare il breadcrumb visibile;nessuna modifica al prodotto;https://www.albalu.it/prodotto/bomboniera-compleanno-scimmia-portafoto-safari/;Bomboniera Compleanno Scimmia Portafoto Safari | Albalù;Bomboniere Compleanno | Bomboniere tema animali per ogni occasione;Bomboniere Compleanno;Bomboniere Compleanno;Bomboniere e Confettate Compleanno > Bomboniere Compleanno;https://www.albalu.it/categoria-prodotto/bomboniere-e-confettate-compleanno/bomboniere-compleanno-personalizzate/;Bomboniere per tema > Bomboniere tema animali per ogni occasione;evento singolo (Compleanno) -> categoria evento;
D;D - primaria corretta: nessuna modifica al prodotto, serve solo allineare il breadcrumb visibile;nessuna modifica al prodotto;https://www.albalu.it/prodotto/bomboniera-compleanno-tigre-portafoto-safari/;Bomboniera Compleanno Tigre Portafoto Safari | Albalù;Bomboniere Compleanno | Bomboniere tema animali per ogni occasione;Bomboniere Compleanno;Bomboniere Compleanno;Bomboniere e Confettate Compleanno > Bomboniere Compleanno;https://www.albalu.it/categoria-prodotto/bomboniere-e-confettate-compleanno/bomboniere-compleanno-personalizzate/;Bomboniere per tema > Bomboniere tema animali per ogni occasione;evento singolo (Compleanno) -> categoria evento;
D;D - primaria corretta: nessuna modifica al prodotto, serve solo allineare il breadcrumb visibile;nessuna modifica al prodotto;https://www.albalu.it/prodotto/bomboniera-compleanno-zebra-portafoto-safari/;Bomboniera Compleanno Zebra Portafoto Safari | Albalù;Bomboniere Compleanno | Bomboniere tema animali per ogni occasione;Bomboniere Compleanno;Bomboniere Compleanno;Bomboniere e Confettate Compleanno > Bomboniere Compleanno;https://www.albalu.it/categoria-prodotto/bomboniere-e-confettate-compleanno/bomboniere-compleanno-personalizzate/;Bomboniere per tema > Bomboniere tema animali per ogni occasione;evento singolo (Compleanno) -> categoria evento;
D;D - primaria corretta: nessuna modifica al prodotto, serve solo allineare il breadcrumb visibile;nessuna modifica al prodotto;https://www.albalu.it/prodotto/bomboniera-comunione-albero-icona-sacra/;Bomboniera Comunione Albero Icona Sacra | Albalù;Bomboniere per Comunione da Bambina | Bomboniere Comunione Maschio;Bomboniere e Confettate Prima Comunione Personalizzate > Bomboniere Comunione Maschio;Bomboniere Comunione Maschio;Bomboniere e Confettate Prima Comunione Personalizzate > Bomboniere Comunione Maschio;https://www.albalu.it/categoria-prodotto/bomboniere-comunione-e-confettate/bomboniere-comunione-bambino/;Bomboniere e Confettate Prima Comunione Personalizzate > Bomboniere per Comunione da Bambina;evento singolo (Comunione) -> categoria evento;
D;D - primaria corretta: nessuna modifica al prodotto, serve solo allineare il breadcrumb visibile;nessuna modifica al prodotto;https://www.albalu.it/prodotto/bomboniera-comunione-calendario-perpetuo-albero-della-vita/;Bomboniera Prima Comunione Calendario Perpetuo Albero della;Bomboniere per Comunione da Bambina | Bomboniere Comunione Maschio;Bomboniere e Confettate Prima Comunione Personalizzate > Bomboniere Comunione Maschio;Bomboniere Comunione Maschio;Bomboniere e Confettate Prima Comunione Personalizzate > Bomboniere Comunione Maschio;https://www.albalu.it/categoria-prodotto/bomboniere-comunione-e-confettate/bomboniere-comunione-bambino/;Bomboniere e Confettate Prima Comunione Personalizzate > Bomboniere per Comunione da Bambina;evento singolo (Comunione) -> categoria evento;
D;D - primaria corretta: nessuna modifica al prodotto, serve solo allineare il breadcrumb visibile;nessuna modifica al prodotto;https://www.albalu.it/prodotto/bomboniera-comunione-carillon-sacra-famiglia/;Bomboniera Prima Comunione Carillon Sacra Famiglia | Albalù;Bomboniere per Comunione da Bambina | Bomboniere Comunione Maschio;Bomboniere e Confettate Prima Comunione Personalizzate > Bomboniere Comunione Maschio;Bomboniere Comunione Maschio;Bomboniere e Confettate Prima Comunione Personalizzate > Bomboniere Comunione Maschio;https://www.albalu.it/categoria-prodotto/bomboniere-comunione-e-confettate/bomboniere-comunione-bambino/;Bomboniere e Confettate Prima Comunione Personalizzate > Bomboniere per Comunione da Bambina;evento singolo (Comunione) -> categoria evento;
D;D - primaria corretta: nessuna modifica al prodotto, serve solo allineare il breadcrumb visibile;nessuna modifica al prodotto;https://www.albalu.it/prodotto/bomboniera-comunione-icona-sacra-calice-eucarestia-in-argento/;Bomboniera Comunione Icona sacra Calice Eucarestia in Argento;Bomboniere e Confettate Prima Comunione Personalizzate | Bomboniere Religiose e Sacre;Bomboniere e Confettate Prima Comunione Personalizzate;Bomboniere e Confettate Prima Comunione Personalizzate;Bomboniere e Confettate Prima Comunione Personalizzate;https://www.albalu.it/categoria-prodotto/bomboniere-comunione-e-confettate/;Bomboniere per tema > Bomboniere Religiose e Sacre;evento singolo (Comunione) -> categoria evento;
D;D - primaria corretta: nessuna modifica al prodotto, serve solo allineare il breadcrumb visibile;nessuna modifica al prodotto;https://www.albalu.it/prodotto/bomboniera-comunione-icona-sacra-con-placca-calice-comunione-argentata/;Bomboniera Icona Sacra con Placca Calice Comunione Argentata;Bomboniere e Confettate Prima Comunione Personalizzate | Bomboniere Religiose e Sacre;Bomboniere e Confettate Prima Comunione Personalizzate;Bomboniere e Confettate Prima Comunione Personalizzate;Bomboniere e Confettate Prima Comunione Personalizzate;https://www.albalu.it/categoria-prodotto/bomboniere-comunione-e-confettate/;Bomboniere per tema > Bomboniere Religiose e Sacre;evento singolo (Comunione) -> categoria evento;
D;D - primaria corretta: nessuna modifica al prodotto, serve solo allineare il breadcrumb visibile;nessuna modifica al prodotto;https://www.albalu.it/prodotto/bomboniera-comunione-in-cristallo-fiore-con-placca-calice-comunione-in-argento-laminato/;Bomboniera Comunione Ninfea Cristallo Placca Calice Argento;Bomboniere e Confettate Prima Comunione Personalizzate | Bomboniere Religiose e Sacre;Bomboniere e Confettate Prima Comunione Personalizzate;Bomboniere e Confettate Prima Comunione Personalizzate;Bomboniere e Confettate Prima Comunione Personalizzate;https://www.albalu.it/categoria-prodotto/bomboniere-comunione-e-confettate/;Bomboniere per tema > Bomboniere Religiose e Sacre;evento singolo (Comunione) -> categoria evento;
D;D - primaria corretta: nessuna modifica al prodotto, serve solo allineare il breadcrumb visibile;nessuna modifica al prodotto;https://www.albalu.it/prodotto/bomboniera-comunione-lampada-albero-della-vita/;Bomboniera Prima Comunione Lampada Albero della Vita | Albal;Bomboniere per Comunione da Bambina | Bomboniere Comunione Maschio;Bomboniere e Confettate Prima Comunione Personalizzate > Bomboniere Comunione Maschio;Bomboniere Comunione Maschio;Bomboniere e Confettate Prima Comunione Personalizzate > Bomboniere Comunione Maschio;https://www.albalu.it/categoria-prodotto/bomboniere-comunione-e-confettate/bomboniere-comunione-bambino/;Bomboniere e Confettate Prima Comunione Personalizzate > Bomboniere per Comunione da Bambina;evento singolo (Comunione) -> categoria evento;
D;D - primaria corretta: nessuna modifica al prodotto, serve solo allineare il breadcrumb visibile;nessuna modifica al prodotto;https://www.albalu.it/prodotto/bomboniera-comunione-lampada-chiave-di-sol/;Bomboniera Comunione Lampada Chiave di Sol | Albalù;Bomboniere per Comunione da Bambina | Bomboniere Comunione Maschio;Bomboniere e Confettate Prima Comunione Personalizzate > Bomboniere Comunione Maschio;Bomboniere Comunione Maschio;Bomboniere e Confettate Prima Comunione Personalizzate > Bomboniere Comunione Maschio;https://www.albalu.it/categoria-prodotto/bomboniere-comunione-e-confettate/bomboniere-comunione-bambino/;Bomboniere e Confettate Prima Comunione Personalizzate > Bomboniere per Comunione da Bambina;evento singolo (Comunione) -> categoria evento;
D;D - primaria corretta: nessuna modifica al prodotto, serve solo allineare il breadcrumb visibile;nessuna modifica al prodotto;https://www.albalu.it/prodotto/bomboniera-comunione-lampada-mongolfiera/;Bomboniera Comunione Lampada Mongolfiera | Albalù;Bomboniere per Comunione da Bambina | Bomboniere Comunione Maschio;Bomboniere e Confettate Prima Comunione Personalizzate > Bomboniere Comunione Maschio;Bomboniere Comunione Maschio;Bomboniere e Confettate Prima Comunione Personalizzate > Bomboniere Comunione Maschio;https://www.albalu.it/categoria-prodotto/bomboniere-comunione-e-confettate/bomboniere-comunione-bambino/;Bomboniere e Confettate Prima Comunione Personalizzate > Bomboniere per Comunione da Bambina;evento singolo (Comunione) -> categoria evento;
D;D - primaria corretta: nessuna modifica al prodotto, serve solo allineare il breadcrumb visibile;nessuna modifica al prodotto;https://www.albalu.it/prodotto/bomboniera-comunione-lampada-sacra-famiglia/;Bomboniera Comunione Lampada Sacra Famiglia | Albalù;Bomboniere per Comunione da Bambina | Bomboniere Comunione Maschio;Bomboniere e Confettate Prima Comunione Personalizzate > Bomboniere Comunione Maschio;Bomboniere Comunione Maschio;Bomboniere e Confettate Prima Comunione Personalizzate > Bomboniere Comunione Maschio;https://www.albalu.it/categoria-prodotto/bomboniere-comunione-e-confettate/bomboniere-comunione-bambino/;Bomboniere e Confettate Prima Comunione Personalizzate > Bomboniere per Comunione da Bambina;evento singolo (Comunione) -> categoria evento;
D;D - primaria corretta: nessuna modifica al prodotto, serve solo allineare il breadcrumb visibile;nessuna modifica al prodotto;https://www.albalu.it/prodotto/bomboniera-comunione-mare-ancora/;Bomboniera Comunione Mare Ancora | Albalù;Bomboniere per Comunione da Bambina | Bomboniere Comunione Maschio;Bomboniere e Confettate Prima Comunione Personalizzate > Bomboniere Comunione Maschio;Bomboniere Comunione Maschio;Bomboniere e Confettate Prima Comunione Personalizzate > Bomboniere Comunione Maschio;https://www.albalu.it/categoria-prodotto/bomboniere-comunione-e-confettate/bomboniere-comunione-bambino/;Bomboniere e Confettate Prima Comunione Personalizzate > Bomboniere per Comunione da Bambina;evento singolo (Comunione) -> categoria evento;
D;D - primaria corretta: nessuna modifica al prodotto, serve solo allineare il breadcrumb visibile;nessuna modifica al prodotto;https://www.albalu.it/prodotto/bomboniera-comunione-mare-barca/;Bomboniera Comunione Mare Barca | Albalù;Bomboniere per Comunione da Bambina | Bomboniere Comunione Maschio;Bomboniere e Confettate Prima Comunione Personalizzate > Bomboniere Comunione Maschio;Bomboniere Comunione Maschio;Bomboniere e Confettate Prima Comunione Personalizzate > Bomboniere Comunione Maschio;https://www.albalu.it/categoria-prodotto/bomboniere-comunione-e-confettate/bomboniere-comunione-bambino/;Bomboniere e Confettate Prima Comunione Personalizzate > Bomboniere per Comunione da Bambina;evento singolo (Comunione) -> categoria evento;
D;D - primaria corretta: nessuna modifica al prodotto, serve solo allineare il breadcrumb visibile;nessuna modifica al prodotto;https://www.albalu.it/prodotto/bomboniera-comunione-mare-faro/;Bomboniera Comunione Mare Faro | Albalù;Bomboniere per Comunione da Bambina | Bomboniere Comunione Maschio;Bomboniere e Confettate Prima Comunione Personalizzate > Bomboniere Comunione Maschio;Bomboniere Comunione Maschio;Bomboniere e Confettate Prima Comunione Personalizzate > Bomboniere Comunione Maschio;https://www.albalu.it/categoria-prodotto/bomboniere-comunione-e-confettate/bomboniere-comunione-bambino/;Bomboniere e Confettate Prima Comunione Personalizzate > Bomboniere per Comunione da Bambina;evento singolo (Comunione) -> categoria evento;
D;D - primaria corretta: nessuna modifica al prodotto, serve solo allineare il breadcrumb visibile;nessuna modifica al prodotto;https://www.albalu.it/prodotto/bomboniera-comunione-mare-timone/;Bomboniera Comunione Mare Timone | Albalù;Bomboniere per Comunione da Bambina | Bomboniere Comunione Maschio;Bomboniere e Confettate Prima Comunione Personalizzate > Bomboniere Comunione Maschio;Bomboniere Comunione Maschio;Bomboniere e Confettate Prima Comunione Personalizzate > Bomboniere Comunione Maschio;https://www.albalu.it/categoria-prodotto/bomboniere-comunione-e-confettate/bomboniere-comunione-bambino/;Bomboniere e Confettate Prima Comunione Personalizzate > Bomboniere per Comunione da Bambina;evento singolo (Comunione) -> categoria evento;
D;D - primaria corretta: nessuna modifica al prodotto, serve solo allineare il breadcrumb visibile;nessuna modifica al prodotto;https://www.albalu.it/prodotto/bomboniera-comunione-orologio-albero-vita-tortora/;Bomboniera Comunione Orologio Albero Vita Tortora | Albalu;Bomboniere per Comunione da Bambina | Bomboniere Comunione Maschio;Bomboniere e Confettate Prima Comunione Personalizzate > Bomboniere Comunione Maschio;Bomboniere Comunione Maschio;Bomboniere e Confettate Prima Comunione Personalizzate > Bomboniere Comunione Maschio;https://www.albalu.it/categoria-prodotto/bomboniere-comunione-e-confettate/bomboniere-comunione-bambino/;Bomboniere e Confettate Prima Comunione Personalizzate > Bomboniere per Comunione da Bambina;evento singolo (Comunione) -> categoria evento;
D;D - primaria corretta: nessuna modifica al prodotto, serve solo allineare il breadcrumb visibile;nessuna modifica al prodotto;https://www.albalu.it/prodotto/bomboniera-comunione-orologio-chiave-di-sol-2/;Bomboniera Comunione Orologio Chiave di Sol | Albalù;Bomboniere per Comunione da Bambina | Bomboniere Comunione Maschio;Bomboniere e Confettate Prima Comunione Personalizzate > Bomboniere Comunione Maschio;Bomboniere Comunione Maschio;Bomboniere e Confettate Prima Comunione Personalizzate > Bomboniere Comunione Maschio;https://www.albalu.it/categoria-prodotto/bomboniere-comunione-e-confettate/bomboniere-comunione-bambino/;Bomboniere e Confettate Prima Comunione Personalizzate > Bomboniere per Comunione da Bambina;evento singolo (Comunione) -> categoria evento;
D;D - primaria corretta: nessuna modifica al prodotto, serve solo allineare il breadcrumb visibile;nessuna modifica al prodotto;https://www.albalu.it/prodotto/bomboniera-comunione-orologio-chiave-di-sol/;Bomboniera Prima Comunione Orologio Chiave di Sol | Albalù;Bomboniere per Comunione da Bambina | Bomboniere Comunione Maschio;Bomboniere e Confettate Prima Comunione Personalizzate > Bomboniere Comunione Maschio;Bomboniere Comunione Maschio;Bomboniere e Confettate Prima Comunione Personalizzate > Bomboniere Comunione Maschio;https://www.albalu.it/categoria-prodotto/bomboniere-comunione-e-confettate/bomboniere-comunione-bambino/;Bomboniere e Confettate Prima Comunione Personalizzate > Bomboniere per Comunione da Bambina;evento singolo (Comunione) -> categoria evento;
D;D - primaria corretta: nessuna modifica al prodotto, serve solo allineare il breadcrumb visibile;nessuna modifica al prodotto;https://www.albalu.it/prodotto/bomboniera-comunione-orologio-cuori/;Bomboniera Prima Comunione Orologio Cuori | Albalù;Bomboniere per Comunione da Bambina | Bomboniere Comunione Maschio;Bomboniere e Confettate Prima Comunione Personalizzate > Bomboniere Comunione Maschio;Bomboniere Comunione Maschio;Bomboniere e Confettate Prima Comunione Personalizzate > Bomboniere Comunione Maschio;https://www.albalu.it/categoria-prodotto/bomboniere-comunione-e-confettate/bomboniere-comunione-bambino/;Bomboniere e Confettate Prima Comunione Personalizzate > Bomboniere per Comunione da Bambina;evento singolo (Comunione) -> categoria evento;
D;D - primaria corretta: nessuna modifica al prodotto, serve solo allineare il breadcrumb visibile;nessuna modifica al prodotto;https://www.albalu.it/prodotto/bomboniera-comunione-orologio-fiori/;Bomboniera Comunione Orologio con Fiori | Albalu;Bomboniere per Comunione da Bambina | Bomboniere Comunione Maschio;Bomboniere e Confettate Prima Comunione Personalizzate > Bomboniere Comunione Maschio;Bomboniere Comunione Maschio;Bomboniere e Confettate Prima Comunione Personalizzate > Bomboniere Comunione Maschio;https://www.albalu.it/categoria-prodotto/bomboniere-comunione-e-confettate/bomboniere-comunione-bambino/;Bomboniere e Confettate Prima Comunione Personalizzate > Bomboniere per Comunione da Bambina;evento singolo (Comunione) -> categoria evento;
D;D - primaria corretta: nessuna modifica al prodotto, serve solo allineare il breadcrumb visibile;nessuna modifica al prodotto;https://www.albalu.it/prodotto/bomboniera-comunione-orologio-mappamondo-2/;Bomboniera Comunione Orologio Mappamondo con Frase | Albalu;Bomboniere per Comunione da Bambina | Bomboniere Comunione Maschio;Bomboniere e Confettate Prima Comunione Personalizzate > Bomboniere Comunione Maschio;Bomboniere Comunione Maschio;Bomboniere e Confettate Prima Comunione Personalizzate > Bomboniere Comunione Maschio;https://www.albalu.it/categoria-prodotto/bomboniere-comunione-e-confettate/bomboniere-comunione-bambino/;Bomboniere e Confettate Prima Comunione Personalizzate > Bomboniere per Comunione da Bambina;evento singolo (Comunione) -> categoria evento;
D;D - primaria corretta: nessuna modifica al prodotto, serve solo allineare il breadcrumb visibile;nessuna modifica al prodotto;https://www.albalu.it/prodotto/bomboniera-comunione-orologio-mappamondo/;Bomboniera Comunione Orologio Mappamondo | Albalù;Bomboniere per Comunione da Bambina | Bomboniere Comunione Maschio;Bomboniere e Confettate Prima Comunione Personalizzate > Bomboniere Comunione Maschio;Bomboniere Comunione Maschio;Bomboniere e Confettate Prima Comunione Personalizzate > Bomboniere Comunione Maschio;https://www.albalu.it/categoria-prodotto/bomboniere-comunione-e-confettate/bomboniere-comunione-bambino/;Bomboniere e Confettate Prima Comunione Personalizzate > Bomboniere per Comunione da Bambina;evento singolo (Comunione) -> categoria evento;
D;D - primaria corretta: nessuna modifica al prodotto, serve solo allineare il breadcrumb visibile;nessuna modifica al prodotto;https://www.albalu.it/prodotto/bomboniera-comunione-orologio-mongolfiera/;Bomboniera Comunione Orologio Mongolfiera | Albalù;Bomboniere per Comunione da Bambina | Bomboniere Comunione Maschio;Bomboniere e Confettate Prima Comunione Personalizzate > Bomboniere Comunione Maschio;Bomboniere Comunione Maschio;Bomboniere e Confettate Prima Comunione Personalizzate > Bomboniere Comunione Maschio;https://www.albalu.it/categoria-prodotto/bomboniere-comunione-e-confettate/bomboniere-comunione-bambino/;Bomboniere e Confettate Prima Comunione Personalizzate > Bomboniere per Comunione da Bambina;evento singolo (Comunione) -> categoria evento;
D;D - primaria corretta: nessuna modifica al prodotto, serve solo allineare il breadcrumb visibile;nessuna modifica al prodotto;https://www.albalu.it/prodotto/bomboniera-comunione-orologio-sacra-famiglia/;Bomboniera Comunione Orologio Sacra Famiglia | Albalu;Bomboniere per Comunione da Bambina | Bomboniere Comunione Maschio;Bomboniere e Confettate Prima Comunione Personalizzate > Bomboniere Comunione Maschio;Bomboniere Comunione Maschio;Bomboniere e Confettate Prima Comunione Personalizzate > Bomboniere Comunione Maschio;https://www.albalu.it/categoria-prodotto/bomboniere-comunione-e-confettate/bomboniere-comunione-bambino/;Bomboniere e Confettate Prima Comunione Personalizzate > Bomboniere per Comunione da Bambina;evento singolo (Comunione) -> categoria evento;
D;D - primaria corretta: nessuna modifica al prodotto, serve solo allineare il breadcrumb visibile;nessuna modifica al prodotto;https://www.albalu.it/prodotto/bomboniera-comunione-pianta-grassa-sacra-famiglia/;Bomboniera Comunione Pianta Grassa Sacra Famiglia;Bomboniere per Comunione da Bambina | Bomboniere Comunione Maschio;Bomboniere e Confettate Prima Comunione Personalizzate > Bomboniere Comunione Maschio;Bomboniere Comunione Maschio;Bomboniere e Confettate Prima Comunione Personalizzate > Bomboniere Comunione Maschio;https://www.albalu.it/categoria-prodotto/bomboniere-comunione-e-confettate/bomboniere-comunione-bambino/;Bomboniere e Confettate Prima Comunione Personalizzate > Bomboniere per Comunione da Bambina;evento singolo (Comunione) -> categoria evento;
D;D - primaria corretta: nessuna modifica al prodotto, serve solo allineare il breadcrumb visibile;nessuna modifica al prodotto;https://www.albalu.it/prodotto/bomboniera-comunione-portafoto-albero-della-vita/;Bomboniera Prima Comunione Portafoto Albero della Vita | Alb;Bomboniere per Comunione da Bambina | Bomboniere Comunione Maschio;Bomboniere e Confettate Prima Comunione Personalizzate > Bomboniere Comunione Maschio;Bomboniere Comunione Maschio;Bomboniere e Confettate Prima Comunione Personalizzate > Bomboniere Comunione Maschio;https://www.albalu.it/categoria-prodotto/bomboniere-comunione-e-confettate/bomboniere-comunione-bambino/;Bomboniere e Confettate Prima Comunione Personalizzate > Bomboniere per Comunione da Bambina;evento singolo (Comunione) -> categoria evento;
D;D - primaria corretta: nessuna modifica al prodotto, serve solo allineare il breadcrumb visibile;nessuna modifica al prodotto;https://www.albalu.it/prodotto/bomboniera-comunione-profumatore-albero-vita/;Bomboniera Comunione Profumatore Albero della Vita | Albalu;Bomboniere per Comunione da Bambina | Bomboniere Comunione Maschio;Bomboniere e Confettate Prima Comunione Personalizzate > Bomboniere Comunione Maschio;Bomboniere Comunione Maschio;Bomboniere e Confettate Prima Comunione Personalizzate > Bomboniere Comunione Maschio;https://www.albalu.it/categoria-prodotto/bomboniere-comunione-e-confettate/bomboniere-comunione-bambino/;Bomboniere e Confettate Prima Comunione Personalizzate > Bomboniere per Comunione da Bambina;evento singolo (Comunione) -> categoria evento;
D;D - primaria corretta: nessuna modifica al prodotto, serve solo allineare il breadcrumb visibile;nessuna modifica al prodotto;https://www.albalu.it/prodotto/bomboniera-comunione-profumatore-cuore-albero-vita/;Bomboniera Comunione Profumatore Cuore Albero Vita | Albalu;Bomboniere per Comunione da Bambina | Bomboniere Comunione Maschio;Bomboniere e Confettate Prima Comunione Personalizzate > Bomboniere Comunione Maschio;Bomboniere Comunione Maschio;Bomboniere e Confettate Prima Comunione Personalizzate > Bomboniere Comunione Maschio;https://www.albalu.it/categoria-prodotto/bomboniere-comunione-e-confettate/bomboniere-comunione-bambino/;Bomboniere e Confettate Prima Comunione Personalizzate > Bomboniere per Comunione da Bambina;evento singolo (Comunione) -> categoria evento;
D;D - primaria corretta: nessuna modifica al prodotto, serve solo allineare il breadcrumb visibile;nessuna modifica al prodotto;https://www.albalu.it/prodotto/bomboniera-comunione-profumatore-farfalla/;Bomboniera Comunione Profumatore Farfalla | Albalu;Bomboniere per Comunione da Bambina | Bomboniere Comunione Maschio;Bomboniere e Confettate Prima Comunione Personalizzate > Bomboniere Comunione Maschio;Bomboniere Comunione Maschio;Bomboniere e Confettate Prima Comunione Personalizzate > Bomboniere Comunione Maschio;https://www.albalu.it/categoria-prodotto/bomboniere-comunione-e-confettate/bomboniere-comunione-bambino/;Bomboniere e Confettate Prima Comunione Personalizzate > Bomboniere per Comunione da Bambina;evento singolo (Comunione) -> categoria evento;
D;D - primaria corretta: nessuna modifica al prodotto, serve solo allineare il breadcrumb visibile;nessuna modifica al prodotto;https://www.albalu.it/prodotto/bomboniera-comunione-tagliere-mappamondo/;Bomboniera Comunione Tagliere Mappamondo | Albalù;Bomboniere per Comunione da Bambina | Bomboniere Comunione Maschio;Bomboniere e Confettate Prima Comunione Personalizzate > Bomboniere Comunione Maschio;Bomboniere Comunione Maschio;Bomboniere e Confettate Prima Comunione Personalizzate > Bomboniere Comunione Maschio;https://www.albalu.it/categoria-prodotto/bomboniere-comunione-e-confettate/bomboniere-comunione-bambino/;Bomboniere e Confettate Prima Comunione Personalizzate > Bomboniere per Comunione da Bambina;evento singolo (Comunione) -> categoria evento;
D;D - primaria corretta: nessuna modifica al prodotto, serve solo allineare il breadcrumb visibile;nessuna modifica al prodotto;https://www.albalu.it/prodotto/bomboniera-comunione-vangelo-sacra-famiglia/;Bomboniera Comunione Vangelo Sacra Famiglia | Albalu;Bomboniere per Comunione da Bambina | Bomboniere Comunione Maschio;Bomboniere e Confettate Prima Comunione Personalizzate > Bomboniere Comunione Maschio;Bomboniere Comunione Maschio;Bomboniere e Confettate Prima Comunione Personalizzate > Bomboniere Comunione Maschio;https://www.albalu.it/categoria-prodotto/bomboniere-comunione-e-confettate/bomboniere-comunione-bambino/;Bomboniere e Confettate Prima Comunione Personalizzate > Bomboniere per Comunione da Bambina;evento singolo (Comunione) -> categoria evento;
D;D - primaria corretta: nessuna modifica al prodotto, serve solo allineare il breadcrumb visibile;nessuna modifica al prodotto;https://www.albalu.it/prodotto/bomboniera-comunione-viaggio-aereo/;Bomboniera Comunione Viaggio Aereo | Albalù;Bomboniere per Comunione da Bambina | Bomboniere Comunione Maschio;Bomboniere e Confettate Prima Comunione Personalizzate > Bomboniere Comunione Maschio;Bomboniere Comunione Maschio;Bomboniere e Confettate Prima Comunione Personalizzate > Bomboniere Comunione Maschio;https://www.albalu.it/categoria-prodotto/bomboniere-comunione-e-confettate/bomboniere-comunione-bambino/;Bomboniere e Confettate Prima Comunione Personalizzate > Bomboniere per Comunione da Bambina;evento singolo (Comunione) -> categoria evento;
D;D - primaria corretta: nessuna modifica al prodotto, serve solo allineare il breadcrumb visibile;nessuna modifica al prodotto;https://www.albalu.it/prodotto/bomboniera-comunione-viaggio-bussola/;Bomboniera Comunione Viaggio Bussola | Albalù;Bomboniere per Comunione da Bambina | Bomboniere Comunione Maschio;Bomboniere e Confettate Prima Comunione Personalizzate > Bomboniere Comunione Maschio;Bomboniere Comunione Maschio;Bomboniere e Confettate Prima Comunione Personalizzate > Bomboniere Comunione Maschio;https://www.albalu.it/categoria-prodotto/bomboniere-comunione-e-confettate/bomboniere-comunione-bambino/;Bomboniere e Confettate Prima Comunione Personalizzate > Bomboniere per Comunione da Bambina;evento singolo (Comunione) -> categoria evento;
D;D - primaria corretta: nessuna modifica al prodotto, serve solo allineare il breadcrumb visibile;nessuna modifica al prodotto;https://www.albalu.it/prodotto/bomboniera-confettata-comunione-femmina-completa/;Confettata Comunione Femmina Rete Rosa | Albalù;Confettate e Segnaposto Comunione | Bomboniere Religiose e Sacre;Bomboniere e Confettate Prima Comunione Personalizzate > Confettate e Segnaposto Comunione;Confettate e Segnaposto Comunione;Bomboniere e Confettate Prima Comunione Personalizzate > Confettate e Segnaposto Comunione;https://www.albalu.it/categoria-prodotto/bomboniere-comunione-e-confettate/comunione-confettate-segnaposto/;Bomboniere per tema > Bomboniere Religiose e Sacre;evento singolo (Comunione) -> categoria evento;
D;D - primaria corretta: nessuna modifica al prodotto, serve solo allineare il breadcrumb visibile;nessuna modifica al prodotto;https://www.albalu.it/prodotto/bomboniera-cresima-fiore-cristallo-placca-cappello-vescovo-argento/;Bomboniera Cresima Cristallo e Argento – Made in Italy;Bomboniere Cresima Personalizzate, Utili e Moderne | Idee Regalo Originali e Artigianali;Bomboniere Cresima Personalizzate, Utili e Moderne;Bomboniere Cresima Personalizzate, Utili e Moderne;Bomboniere e Confettate Cresima > Bomboniere Cresima Personalizzate, Utili e Moderne;https://www.albalu.it/categoria-prodotto/bomboniere-e-confettate-cresima/bomboniere-cresima/;Complementi d’arredo e idee regalo artigianali > Idee Regalo Originali e Artigianali;evento singolo (Cresima) -> categoria evento;
D;D - primaria corretta: nessuna modifica al prodotto, serve solo allineare il breadcrumb visibile;nessuna modifica al prodotto;https://www.albalu.it/prodotto/bomboniera-cresima-orologio-angelo-custode/;Bomboniera Cresima Orologio Angelo Custode;Bomboniere Cresima Personalizzate, Utili e Moderne | Bomboniere Religiose e Sacre;Bomboniere Cresima Personalizzate, Utili e Moderne;Bomboniere Cresima Personalizzate, Utili e Moderne;Bomboniere e Confettate Cresima > Bomboniere Cresima Personalizzate, Utili e Moderne;https://www.albalu.it/categoria-prodotto/bomboniere-e-confettate-cresima/bomboniere-cresima/;Bomboniere per tema > Bomboniere Religiose e Sacre;evento singolo (Cresima) -> categoria evento;
D;D - primaria corretta: nessuna modifica al prodotto, serve solo allineare il breadcrumb visibile;nessuna modifica al prodotto;https://www.albalu.it/prodotto/bomboniera-icona-albero-della-vita-e-sacra-famiglia-stampata-su-pelle/;Bomboniera Icona Albero della vita e Sacra Famiglia su Pelle;Bomboniere e Confettate Prima Comunione Personalizzate | Bomboniere Compleanno | Bomboniere Cresima Personalizzate, Utili e Moderne | Bomboniere Battesimo Personalizzate | Complementi d’arredo e idee regalo artigianali;Bomboniere e Confettate Prima Comunione Personalizzate;Bomboniere e Confettate Prima Comunione Personalizzate;Bomboniere e Confettate Prima Comunione Personalizzate;https://www.albalu.it/categoria-prodotto/bomboniere-comunione-e-confettate/;Bomboniere Compleanno;multievento (Battesimo, Compleanno, Comunione, Cresima) -> tema/tipologia;multievento senza categoria tema/tipologia assegnata: valutare di assegnarne una
D;D - primaria corretta: nessuna modifica al prodotto, serve solo allineare il breadcrumb visibile;nessuna modifica al prodotto;https://www.albalu.it/prodotto/bomboniera-icona-albero-della-vita-preghiera-cuore-a-tema-eucarestia-calice-comunione-stampata-a-rilievo-su-legno-laccato/;Bomboniera Comunione Albero della Vita Preghiera;Bomboniere e Confettate Prima Comunione Personalizzate | Bomboniere Religiose e Sacre;Bomboniere e Confettate Prima Comunione Personalizzate;Bomboniere e Confettate Prima Comunione Personalizzate;Bomboniere e Confettate Prima Comunione Personalizzate;https://www.albalu.it/categoria-prodotto/bomboniere-comunione-e-confettate/;Bomboniere per tema > Bomboniere Religiose e Sacre;evento singolo (Comunione) -> categoria evento;
D;D - primaria corretta: nessuna modifica al prodotto, serve solo allineare il breadcrumb visibile;nessuna modifica al prodotto;https://www.albalu.it/prodotto/bomboniera-icona-comunione-bimbo-bimba-che-prega-in-argento-con-retro-legno-wenge/;Bomboniere Comunione in Argento: Icona Sacra ad Arcata;Bomboniere e Confettate Prima Comunione Personalizzate | Bomboniere Religiose e Sacre;Bomboniere e Confettate Prima Comunione Personalizzate;Bomboniere e Confettate Prima Comunione Personalizzate;Bomboniere e Confettate Prima Comunione Personalizzate;https://www.albalu.it/categoria-prodotto/bomboniere-comunione-e-confettate/;Bomboniere per tema > Bomboniere Religiose e Sacre;evento singolo (Comunione) -> categoria evento;
D;D - primaria corretta: nessuna modifica al prodotto, serve solo allineare il breadcrumb visibile;nessuna modifica al prodotto;https://www.albalu.it/prodotto/bomboniera-icona-croce-tao-in-gesso-decorato-da-appoggio-a-tema-comunione/;Bomboniera Comunione Croce Tau in Gesso | Albalù;Bomboniere e Confettate Prima Comunione Personalizzate | Bomboniere Religiose e Sacre;Bomboniere e Confettate Prima Comunione Personalizzate;Bomboniere e Confettate Prima Comunione Personalizzate;Bomboniere e Confettate Prima Comunione Personalizzate;https://www.albalu.it/categoria-prodotto/bomboniere-comunione-e-confettate/;Bomboniere per tema > Bomboniere Religiose e Sacre;evento singolo (Comunione) -> categoria evento;
D;D - primaria corretta: nessuna modifica al prodotto, serve solo allineare il breadcrumb visibile;nessuna modifica al prodotto;https://www.albalu.it/prodotto/bomboniera-lampada-chiave-di-sol-legno/;Bomboniera Lampada Chiave di Sol in Legno | Albalù;Bomboniere tema musica eleganti per ogni occasione | Albalù | Bomboniere Lampade Led Personalizzabili;Bomboniere per tema > Bomboniere tema musica eleganti per ogni occasione | Albalù;Bomboniere tema musica eleganti per ogni occasione | Albalù;Bomboniere per tema > Bomboniere tema musica eleganti per ogni occasione | Albalù;https://www.albalu.it/categoria-prodotto/bomboniere-per-tema/bomboniere-tema-musica/;Bomboniere per Tipologia: Portafoto, Profumatori, Orologi > Bomboniere Lampade Led Personalizzabili;nessun evento -> tema/tipologia/altro;
D;D - primaria corretta: nessuna modifica al prodotto, serve solo allineare il breadcrumb visibile;nessuna modifica al prodotto;https://www.albalu.it/prodotto/bomboniera-lampada-esagonale-bimbo-bimba/;Bomboniera Comunione Lampada LED Esagonale | Albalù;Bomboniere e Confettate Prima Comunione Personalizzate | Bomboniere Lampade Led Personalizzabili;Bomboniere e Confettate Prima Comunione Personalizzate;Bomboniere e Confettate Prima Comunione Personalizzate;Bomboniere e Confettate Prima Comunione Personalizzate;https://www.albalu.it/categoria-prodotto/bomboniere-comunione-e-confettate/;Bomboniere per Tipologia: Portafoto, Profumatori, Orologi > Bomboniere Lampade Led Personalizzabili;evento singolo (Comunione) -> categoria evento;
D;D - primaria corretta: nessuna modifica al prodotto, serve solo allineare il breadcrumb visibile;nessuna modifica al prodotto;https://www.albalu.it/prodotto/bomboniera-lampada-esagonale-con-elefantini/;Bomboniera Lampada Esagonale con Elefantini;Bomboniere Battesimo Personalizzate | Bomboniere tema animali per ogni occasione | Bomboniere Lampade Led Personalizzabili;Bomboniere Battesimo Personalizzate;Bomboniere Battesimo Personalizzate;Bomboniere e Confettate Nascita e Battesimo > Bomboniere Battesimo Personalizzate;https://www.albalu.it/categoria-prodotto/bomboniere-e-confettate-nascita-battesimo/bomboniere-nascita-e-battesimo/;Bomboniere per Tipologia: Portafoto, Profumatori, Orologi > Bomboniere Lampade Led Personalizzabili;evento singolo (Battesimo) -> categoria evento;
D;D - primaria corretta: nessuna modifica al prodotto, serve solo allineare il breadcrumb visibile;nessuna modifica al prodotto;https://www.albalu.it/prodotto/bomboniera-lampada-farfalle-legno/;Bomboniera Lampada Farfalle in Legno | Albalù;Bomboniere Farfalle | Bomboniere Lampade Led Personalizzabili;Bomboniere per tema > Bomboniere Farfalle;Bomboniere Farfalle;Bomboniere per tema > Bomboniere Farfalle;https://www.albalu.it/categoria-prodotto/bomboniere-per-tema/bomboniere-farfalle/;Bomboniere per Tipologia: Portafoto, Profumatori, Orologi > Bomboniere Lampade Led Personalizzabili;nessun evento -> tema/tipologia/altro;
D;D - primaria corretta: nessuna modifica al prodotto, serve solo allineare il breadcrumb visibile;nessuna modifica al prodotto;https://www.albalu.it/prodotto/bomboniera-lampada-mongolfiera-legno/;Bomboniera Lampada Mongolfiera in Legno | Albalù;Bomboniere tema viaggio | Bomboniere Lampade Led Personalizzabili;Bomboniere per tema > Bomboniere tema viaggio;Bomboniere tema viaggio;Bomboniere per tema > Bomboniere tema viaggio;https://www.albalu.it/categoria-prodotto/bomboniere-per-tema/bomboniere-tema-viaggio/;Bomboniere per Tipologia: Portafoto, Profumatori, Orologi > Bomboniere Lampade Led Personalizzabili;nessun evento -> tema/tipologia/altro;
D;D - primaria corretta: nessuna modifica al prodotto, serve solo allineare il breadcrumb visibile;nessuna modifica al prodotto;https://www.albalu.it/prodotto/bomboniera-lampada-prima-comunione-in-legno-personalizzabile/;Bomboniera Lampada Prima Comunione con Personalizzabile;Bomboniere e Confettate Prima Comunione Personalizzate | Bomboniere Religiose e Sacre;Bomboniere e Confettate Prima Comunione Personalizzate;Bomboniere e Confettate Prima Comunione Personalizzate;Bomboniere e Confettate Prima Comunione Personalizzate;https://www.albalu.it/categoria-prodotto/bomboniere-comunione-e-confettate/;Bomboniere per tema > Bomboniere Religiose e Sacre;evento singolo (Comunione) -> categoria evento;
D;D - primaria corretta: nessuna modifica al prodotto, serve solo allineare il breadcrumb visibile;nessuna modifica al prodotto;https://www.albalu.it/prodotto/bomboniera-mano-in-resina-bianca-con-rosa-stabilittaza-eterna/;Bomboniera Mano in Resina Bianca con Rosa Stabilittaza;Bomboniere e Confettate Prima Comunione Personalizzate | Bomboniere Anniversario di Matrimonio Utili e Personalizzate | Bomboniere Cresima Personalizzate, Utili e Moderne | Bomboniere Matrimonio Eleganti, Utili e Originali | Bomboniere Battesimo Personalizzate | Idee Regalo Originali e Artigianali;Bomboniere e Confettate Prima Comunione Personalizzate;Bomboniere e Confettate Prima Comunione Personalizzate;Bomboniere e Confettate Prima Comunione Personalizzate;https://www.albalu.it/categoria-prodotto/bomboniere-comunione-e-confettate/;Complementi d’arredo e idee regalo artigianali > Idee Regalo Originali e Artigianali;multievento (Anniversario, Battesimo, Comunione, Cresima, Matrimonio) -> tema/tipologia;multievento senza categoria tema/tipologia assegnata: valutare di assegnarne una
D;D - primaria corretta: nessuna modifica al prodotto, serve solo allineare il breadcrumb visibile;nessuna modifica al prodotto;https://www.albalu.it/prodotto/bomboniera-mini-portafoto-comunione-in-legno-tortora-con-applicazioni/;Bomboniera Portafoto Comunione Mini Tortora con Applicazioni;Bomboniere e Confettate Prima Comunione Personalizzate | Bomboniere Portafoto Personalizzabili | Complementi d’arredo e idee regalo artigianali;Bomboniere e Confettate Prima Comunione Personalizzate;Bomboniere e Confettate Prima Comunione Personalizzate;Bomboniere e Confettate Prima Comunione Personalizzate;https://www.albalu.it/categoria-prodotto/bomboniere-comunione-e-confettate/;Bomboniere per Tipologia: Portafoto, Profumatori, Orologi > Bomboniere Portafoto Personalizzabili;evento singolo (Comunione) -> categoria evento;
D;D - primaria corretta: nessuna modifica al prodotto, serve solo allineare il breadcrumb visibile;nessuna modifica al prodotto;https://www.albalu.it/prodotto/bomboniera-nascita-e-battesimo-albero-della-vita-e-applicazione-in-porcellana/;Bomboniera Albero della Vita e palloncini per Battesimo;Bomboniere Compleanno | Bomboniere Battesimo Personalizzate;Bomboniere Battesimo Personalizzate;Bomboniere Battesimo Personalizzate;Bomboniere e Confettate Nascita e Battesimo > Bomboniere Battesimo Personalizzate;https://www.albalu.it/categoria-prodotto/bomboniere-e-confettate-nascita-battesimo/bomboniere-nascita-e-battesimo/;Bomboniere Compleanno;multievento (Battesimo, Compleanno) -> tema/tipologia;multievento senza categoria tema/tipologia assegnata: valutare di assegnarne una
D;D - primaria corretta: nessuna modifica al prodotto, serve solo allineare il breadcrumb visibile;nessuna modifica al prodotto;https://www.albalu.it/prodotto/bomboniera-orologio-coppia-visi-in-legno/;Bomboniera Orologio Coppia Visi in Legno;Bomboniere Anniversario di Matrimonio Utili e Personalizzate | Bomboniere Matrimonio Eleganti, Utili e Originali | Bomboniere per Tipologia: Portafoto, Profumatori, Orologi;Bomboniere per Tipologia: Portafoto, Profumatori, Orologi;Bomboniere per Tipologia: Portafoto, Profumatori, Orologi;Bomboniere per Tipologia: Portafoto, Profumatori, Orologi;https://www.albalu.it/categoria-prodotto/bomboniere-per-tipologia/;Bomboniere Anniversario di Matrimonio Utili e Personalizzate;multievento (Anniversario, Matrimonio) -> tema/tipologia;
D;D - primaria corretta: nessuna modifica al prodotto, serve solo allineare il breadcrumb visibile;nessuna modifica al prodotto;https://www.albalu.it/prodotto/bomboniera-orologio-da-tavolo-albero-della-vita-con-cornice-tortora/;Orologio da Tavolo Albero della Vita Tortora | Albalù;Bomboniere e Confettate Prima Comunione Personalizzate | Bomboniere Anniversario di Matrimonio Utili e Personalizzate | Bomboniere Compleanno | Bomboniere Cresima Personalizzate, Utili e Moderne | Bomboniere Laurea | Bomboniere Matrimonio Eleganti, Utili e Originali | Bomboniere Battesimo Personalizzate | Idee Regalo Originali e Artigianali;Bomboniere e Confettate Prima Comunione Personalizzate;Bomboniere e Confettate Prima Comunione Personalizzate;Bomboniere e Confettate Prima Comunione Personalizzate;https://www.albalu.it/categoria-prodotto/bomboniere-comunione-e-confettate/;Complementi d’arredo e idee regalo artigianali > Idee Regalo Originali e Artigianali;multievento (Anniversario, Battesimo, Compleanno, Comunione, Cresima, Laurea, Matrimonio) -> tema/tipologia;multievento senza categoria tema/tipologia assegnata: valutare di assegnarne una
D;D - primaria corretta: nessuna modifica al prodotto, serve solo allineare il breadcrumb visibile;nessuna modifica al prodotto;https://www.albalu.it/prodotto/bomboniera-pianta-grassa-comunione-albero-della-vita/;Bomboniera Pianta Grassa Comunione Albero della Vita;Bomboniere per Comunione da Bambina | Bomboniere Comunione Maschio;Bomboniere e Confettate Prima Comunione Personalizzate > Bomboniere Comunione Maschio;Bomboniere Comunione Maschio;Bomboniere e Confettate Prima Comunione Personalizzate > Bomboniere Comunione Maschio;https://www.albalu.it/categoria-prodotto/bomboniere-comunione-e-confettate/bomboniere-comunione-bambino/;Bomboniere e Confettate Prima Comunione Personalizzate > Bomboniere per Comunione da Bambina;evento singolo (Comunione) -> categoria evento;
D;D - primaria corretta: nessuna modifica al prodotto, serve solo allineare il breadcrumb visibile;nessuna modifica al prodotto;https://www.albalu.it/prodotto/bomboniera-pianta-grassa-sacra-famiglia/;Bomboniera Pianta Grassa Sacra Famiglia | Albalù;Bomboniere Religiose e Sacre | Bomboniere Piante Grasse Personalizzabili;Bomboniere per tema > Bomboniere Religiose e Sacre;Bomboniere Religiose e Sacre;Bomboniere per tema > Bomboniere Religiose e Sacre;https://www.albalu.it/categoria-prodotto/bomboniere-per-tema/bomboniere-religiose-sacre/;Bomboniere per Tipologia: Portafoto, Profumatori, Orologi > Bomboniere con Piante Grasse Vere Confezionate;nessun evento -> tema/tipologia/altro;
D;D - primaria corretta: nessuna modifica al prodotto, serve solo allineare il breadcrumb visibile;nessuna modifica al prodotto;https://www.albalu.it/prodotto/bomboniera-portafoto-battesimo/;Portafoto Bomboniera Battesimo | Albalù;Bomboniere Battesimo Personalizzate | Bomboniere per tema | Bomboniere Portafoto Personalizzabili;Bomboniere Battesimo Personalizzate;Bomboniere Battesimo Personalizzate;Bomboniere e Confettate Nascita e Battesimo > Bomboniere Battesimo Personalizzate;https://www.albalu.it/categoria-prodotto/bomboniere-e-confettate-nascita-battesimo/bomboniere-nascita-e-battesimo/;Bomboniere per Tipologia: Portafoto, Profumatori, Orologi > Bomboniere Portafoto Personalizzabili;evento singolo (Battesimo) -> categoria evento;
D;D - primaria corretta: nessuna modifica al prodotto, serve solo allineare il breadcrumb visibile;nessuna modifica al prodotto;https://www.albalu.it/prodotto/bomboniera-portafoto-cresima/;Portafoto Bomboniera Cresima | Albalù;Bomboniere Cresima Personalizzate, Utili e Moderne | Bomboniere per tema | Bomboniere Portafoto Personalizzabili;Bomboniere Cresima Personalizzate, Utili e Moderne;Bomboniere Cresima Personalizzate, Utili e Moderne;Bomboniere e Confettate Cresima > Bomboniere Cresima Personalizzate, Utili e Moderne;https://www.albalu.it/categoria-prodotto/bomboniere-e-confettate-cresima/bomboniere-cresima/;Bomboniere per Tipologia: Portafoto, Profumatori, Orologi > Bomboniere Portafoto Personalizzabili;evento singolo (Cresima) -> categoria evento;
D;D - primaria corretta: nessuna modifica al prodotto, serve solo allineare il breadcrumb visibile;nessuna modifica al prodotto;https://www.albalu.it/prodotto/bomboniera-profumatore-25-anni-nozze-argento/;"Bomboniera Profumatore 25 Anni Nozze d&#039;Argento | Albalù";"Bomboniere 25 Anni di Matrimonio Nozze d&#039;Argento | Bomboniere Anniversario di Matrimonio Utili e Personalizzate";Bomboniere 25 Anni di Matrimonio Nozze d'Argento;"Bomboniere 25 Anni di Matrimonio Nozze d&#039;Argento";"Bomboniere e Confettate Anniversario > Bomboniere 25 Anni di Matrimonio Nozze d&#039;Argento";https://www.albalu.it/categoria-prodotto/bomboniere-e-confettate-anniversario/bomboniere-25-anni-matrimonio/;Bomboniere Anniversario di Matrimonio Utili e Personalizzate;evento singolo (Anniversario) -> categoria evento;
D;D - primaria corretta: nessuna modifica al prodotto, serve solo allineare il breadcrumb visibile;nessuna modifica al prodotto;https://www.albalu.it/prodotto/bomboniera-profumatore-50-anni-nozze-oro/;"Bomboniera Profumatore 50 Anni Nozze d&#039;Oro | Albalù";"Bomboniere 50 Anni di Matrimonio Nozze d&#039;Oro | Bomboniere Anniversario di Matrimonio Utili e Personalizzate";Bomboniere 50 Anni di Matrimonio Nozze d'Oro;"Bomboniere 50 Anni di Matrimonio Nozze d&#039;Oro";"Bomboniere e Confettate Anniversario > Bomboniere 50 Anni di Matrimonio Nozze d&#039;Oro";https://www.albalu.it/categoria-prodotto/bomboniere-e-confettate-anniversario/bomboniere-50-anni-matrimonio/;Bomboniere Anniversario di Matrimonio Utili e Personalizzate;evento singolo (Anniversario) -> categoria evento;
D;D - primaria corretta: nessuna modifica al prodotto, serve solo allineare il breadcrumb visibile;nessuna modifica al prodotto;https://www.albalu.it/prodotto/bomboniera-profumatore-albero-vita-frase-motivazionale/;Bomboniera Profumatore Albero Vita Frase | Albalu;Bomboniere Albero della Vita | Bomboniere Profumatori Ambienti Personalizzati;Bomboniere per tema > Bomboniere Albero della Vita: Simbolo di amore e radici;Bomboniere Albero della Vita;Bomboniere per tema > Bomboniere Albero della Vita;https://www.albalu.it/categoria-prodotto/bomboniere-per-tema/bomboniere-albero-della-vita-simbolo-di-amore-e-radici/;Bomboniere per Tipologia: Portafoto, Profumatori, Orologi > Bomboniere Profumatori Ambienti Personalizzati;nessun evento -> tema/tipologia/altro;
D;D - primaria corretta: nessuna modifica al prodotto, serve solo allineare il breadcrumb visibile;nessuna modifica al prodotto;https://www.albalu.it/prodotto/bomboniera-profumatore-albero-vita-frasi/;Bomboniera Profumatore Albero della Vita | Albalu;Bomboniere Albero della Vita | Bomboniere Profumatori Ambienti Personalizzati;Bomboniere per tema > Bomboniere Albero della Vita: Simbolo di amore e radici;Bomboniere Albero della Vita;Bomboniere per tema > Bomboniere Albero della Vita;https://www.albalu.it/categoria-prodotto/bomboniere-per-tema/bomboniere-albero-della-vita-simbolo-di-amore-e-radici/;Bomboniere per Tipologia: Portafoto, Profumatori, Orologi > Bomboniere Profumatori Ambienti Personalizzati;nessun evento -> tema/tipologia/altro;
D;D - primaria corretta: nessuna modifica al prodotto, serve solo allineare il breadcrumb visibile;nessuna modifica al prodotto;https://www.albalu.it/prodotto/bomboniera-profumatore-battesimo-e-nascita-albero-della-vita-in-legno-con-applicazioni/;Bomboniera Profumatore Battesimo e Nascita Albero della Vita;Bomboniere Battesimo Personalizzate | Bomboniere Profumatori Ambienti Personalizzati;Bomboniere Battesimo Personalizzate;Bomboniere Battesimo Personalizzate;Bomboniere e Confettate Nascita e Battesimo > Bomboniere Battesimo Personalizzate;https://www.albalu.it/categoria-prodotto/bomboniere-e-confettate-nascita-battesimo/bomboniere-nascita-e-battesimo/;Bomboniere per Tipologia: Portafoto, Profumatori, Orologi > Bomboniere Profumatori Ambienti Personalizzati;evento singolo (Battesimo) -> categoria evento;
D;D - primaria corretta: nessuna modifica al prodotto, serve solo allineare il breadcrumb visibile;nessuna modifica al prodotto;https://www.albalu.it/prodotto/bomboniera-profumatore-bimba-comunione/;Profumatore Comunione Bambina per Ambiente | Albalù;Bomboniere per Comunione da Bambina | Bomboniere per tema | Bomboniere Profumatori Ambienti Personalizzati;Bomboniere e Confettate Prima Comunione Personalizzate > Bomboniere per Comunione da Bambina;Bomboniere per Comunione da Bambina;Bomboniere e Confettate Prima Comunione Personalizzate > Bomboniere per Comunione da Bambina;https://www.albalu.it/categoria-prodotto/bomboniere-comunione-e-confettate/bomboniere-comunione-bambina/;Bomboniere per Tipologia: Portafoto, Profumatori, Orologi > Bomboniere Profumatori Ambienti Personalizzati;evento singolo (Comunione) -> categoria evento;
D;D - primaria corretta: nessuna modifica al prodotto, serve solo allineare il breadcrumb visibile;nessuna modifica al prodotto;https://www.albalu.it/prodotto/bomboniera-profumatore-bimbo-comunione/;Profumatore Bomboniera Comunione Maschio | Albalù;Bomboniere Comunione Maschio | Bomboniere Profumatori Ambienti Personalizzati;Bomboniere e Confettate Prima Comunione Personalizzate > Bomboniere Comunione Maschio;Bomboniere Comunione Maschio;Bomboniere e Confettate Prima Comunione Personalizzate > Bomboniere Comunione Maschio;https://www.albalu.it/categoria-prodotto/bomboniere-comunione-e-confettate/bomboniere-comunione-bambino/;Bomboniere per Tipologia: Portafoto, Profumatori, Orologi > Bomboniere Profumatori Ambienti Personalizzati;evento singolo (Comunione) -> categoria evento;
D;D - primaria corretta: nessuna modifica al prodotto, serve solo allineare il breadcrumb visibile;nessuna modifica al prodotto;https://www.albalu.it/prodotto/bomboniera-profumatore-comunione-albero-della-vita-in-resina-con-applicazione-calice-eucarestia/;Bomboniera Profumatore Comunione Albero della vita in Resina;Bomboniere e Confettate Prima Comunione Personalizzate | Bomboniere Profumatori Ambienti Personalizzati;Bomboniere e Confettate Prima Comunione Personalizzate;Bomboniere e Confettate Prima Comunione Personalizzate;Bomboniere e Confettate Prima Comunione Personalizzate;https://www.albalu.it/categoria-prodotto/bomboniere-comunione-e-confettate/;Bomboniere per Tipologia: Portafoto, Profumatori, Orologi > Bomboniere Profumatori Ambienti Personalizzati;evento singolo (Comunione) -> categoria evento;
D;D - primaria corretta: nessuna modifica al prodotto, serve solo allineare il breadcrumb visibile;nessuna modifica al prodotto;https://www.albalu.it/prodotto/bomboniera-profumatore-comunione-con-calice-in-legno-e-cuore-in-resina/;Bomboniera Profumatore Comunione Con Calice e Cuore in Resina;Bomboniere e Confettate Prima Comunione Personalizzate | Bomboniere Religiose e Sacre;Bomboniere e Confettate Prima Comunione Personalizzate;Bomboniere e Confettate Prima Comunione Personalizzate;Bomboniere e Confettate Prima Comunione Personalizzate;https://www.albalu.it/categoria-prodotto/bomboniere-comunione-e-confettate/;Bomboniere per tema > Bomboniere Religiose e Sacre;evento singolo (Comunione) -> categoria evento;
D;D - primaria corretta: nessuna modifica al prodotto, serve solo allineare il breadcrumb visibile;nessuna modifica al prodotto;https://www.albalu.it/prodotto/bomboniera-profumatore-comunione-in-legno-a-tema-albero-della-vita-con-applicazione/;Bomboniera Profumatore Albero della Vita Comunione;Bomboniere e Confettate Prima Comunione Personalizzate | Bomboniere Profumatori Ambienti Personalizzati;Bomboniere e Confettate Prima Comunione Personalizzate;Bomboniere e Confettate Prima Comunione Personalizzate;Bomboniere e Confettate Prima Comunione Personalizzate;https://www.albalu.it/categoria-prodotto/bomboniere-comunione-e-confettate/;Bomboniere per Tipologia: Portafoto, Profumatori, Orologi > Bomboniere Profumatori Ambienti Personalizzati;evento singolo (Comunione) -> categoria evento;
D;D - primaria corretta: nessuna modifica al prodotto, serve solo allineare il breadcrumb visibile;nessuna modifica al prodotto;https://www.albalu.it/prodotto/bomboniera-profumatore-comunione/;Bomboniera Profumatore Comunione Personalizzabile | Albalù;Bomboniere e Confettate Prima Comunione Personalizzate | Bomboniere per tema | Bomboniere Profumatori Ambienti Personalizzati;Bomboniere e Confettate Prima Comunione Personalizzate;Bomboniere e Confettate Prima Comunione Personalizzate;Bomboniere e Confettate Prima Comunione Personalizzate;https://www.albalu.it/categoria-prodotto/bomboniere-comunione-e-confettate/;Bomboniere per Tipologia: Portafoto, Profumatori, Orologi > Bomboniere Profumatori Ambienti Personalizzati;evento singolo (Comunione) -> categoria evento;
D;D - primaria corretta: nessuna modifica al prodotto, serve solo allineare il breadcrumb visibile;nessuna modifica al prodotto;https://www.albalu.it/prodotto/bomboniera-profumatore-con-orso/;Bomboniera Profumatore con Orso;Bomboniere Battesimo Personalizzate | Bomboniere tema animali per ogni occasione | Bomboniere Profumatori Ambienti Personalizzati;Bomboniere Battesimo Personalizzate;Bomboniere Battesimo Personalizzate;Bomboniere e Confettate Nascita e Battesimo > Bomboniere Battesimo Personalizzate;https://www.albalu.it/categoria-prodotto/bomboniere-e-confettate-nascita-battesimo/bomboniere-nascita-e-battesimo/;Bomboniere per Tipologia: Portafoto, Profumatori, Orologi > Bomboniere Profumatori Ambienti Personalizzati;evento singolo (Battesimo) -> categoria evento;
D;D - primaria corretta: nessuna modifica al prodotto, serve solo allineare il breadcrumb visibile;nessuna modifica al prodotto;https://www.albalu.it/prodotto/bomboniera-profumatore-cuore-albero-vita/;Bomboniera Profumatore Cuore Albero Vita | Albalu;Bomboniere Albero della Vita | Bomboniere Profumatori Ambienti Personalizzati;Bomboniere per tema > Bomboniere Albero della Vita: Simbolo di amore e radici;Bomboniere Albero della Vita;Bomboniere per tema > Bomboniere Albero della Vita;https://www.albalu.it/categoria-prodotto/bomboniere-per-tema/bomboniere-albero-della-vita-simbolo-di-amore-e-radici/;Bomboniere per Tipologia: Portafoto, Profumatori, Orologi > Bomboniere Profumatori Ambienti Personalizzati;nessun evento -> tema/tipologia/altro;
D;D - primaria corretta: nessuna modifica al prodotto, serve solo allineare il breadcrumb visibile;nessuna modifica al prodotto;https://www.albalu.it/prodotto/bomboniera-profumatore-vetro-con-applicazioni-in-legno-sagomato-bianco/;Profumatore con Applicazioni in Legno | Albalù;Bomboniere e Confettate Prima Comunione Personalizzate | Bomboniere Cresima Personalizzate, Utili e Moderne | Bomboniere Matrimonio Eleganti, Utili e Originali | Bomboniere Battesimo Personalizzate;Bomboniere Battesimo Personalizzate;Bomboniere Battesimo Personalizzate;Bomboniere e Confettate Nascita e Battesimo > Bomboniere Battesimo Personalizzate;https://www.albalu.it/categoria-prodotto/bomboniere-e-confettate-nascita-battesimo/bomboniere-nascita-e-battesimo/;Bomboniere Matrimonio Eleganti, Utili e Originali;multievento (Battesimo, Comunione, Cresima, Matrimonio) -> tema/tipologia;multievento senza categoria tema/tipologia assegnata: valutare di assegnarne una
D;D - primaria corretta: nessuna modifica al prodotto, serve solo allineare il breadcrumb visibile;nessuna modifica al prodotto;https://www.albalu.it/prodotto/bomboniera-quadretto-cresima-sacro-in-gres-porcellanato-da-muro-e-appoggio/;Bomboniera Quadretto Cresima in Gres Porcellanato;Bomboniere Cresima Personalizzate, Utili e Moderne | Bomboniere Religiose e Sacre;Bomboniere Cresima Personalizzate, Utili e Moderne;Bomboniere Cresima Personalizzate, Utili e Moderne;Bomboniere e Confettate Cresima > Bomboniere Cresima Personalizzate, Utili e Moderne;https://www.albalu.it/categoria-prodotto/bomboniere-e-confettate-cresima/bomboniere-cresima/;Bomboniere per tema > Bomboniere Religiose e Sacre;evento singolo (Cresima) -> categoria evento;
D;D - primaria corretta: nessuna modifica al prodotto, serve solo allineare il breadcrumb visibile;nessuna modifica al prodotto;https://www.albalu.it/prodotto/bomboniera-segnalibro-aeroplanino-anniversario/;Segnalibro Anniversario Aeroplanino | Albalù;"Bomboniere 25 Anni di Matrimonio Nozze d&#039;Argento | Bomboniere 50 Anni di Matrimonio Nozze d&#039;Oro | Bomboniere Anniversario di Matrimonio Utili e Personalizzate";Bomboniere 25 Anni di Matrimonio Nozze d'Argento;"Bomboniere 25 Anni di Matrimonio Nozze d&#039;Argento";"Bomboniere e Confettate Anniversario > Bomboniere 25 Anni di Matrimonio Nozze d&#039;Argento";https://www.albalu.it/categoria-prodotto/bomboniere-e-confettate-anniversario/bomboniere-25-anni-matrimonio/;Bomboniere Anniversario di Matrimonio Utili e Personalizzate;evento singolo (Anniversario) -> categoria evento;
D;D - primaria corretta: nessuna modifica al prodotto, serve solo allineare il breadcrumb visibile;nessuna modifica al prodotto;https://www.albalu.it/prodotto/bomboniera-segnalibro-aeroplanino-comunione/;Segnalibro Comunione Aeroplanino | Albalù;Bomboniere per Comunione da Bambina | Bomboniere Comunione Maschio;Bomboniere e Confettate Prima Comunione Personalizzate > Bomboniere Comunione Maschio;Bomboniere Comunione Maschio;Bomboniere e Confettate Prima Comunione Personalizzate > Bomboniere Comunione Maschio;https://www.albalu.it/categoria-prodotto/bomboniere-comunione-e-confettate/bomboniere-comunione-bambino/;Bomboniere e Confettate Prima Comunione Personalizzate > Bomboniere per Comunione da Bambina;evento singolo (Comunione) -> categoria evento;
D;D - primaria corretta: nessuna modifica al prodotto, serve solo allineare il breadcrumb visibile;nessuna modifica al prodotto;https://www.albalu.it/prodotto/bomboniera-segnalibro-albero-della-vita-anniversario/;Segnalibro Anniversario Albero della Vita | Albalù;"Bomboniere 25 Anni di Matrimonio Nozze d&#039;Argento | Bomboniere 50 Anni di Matrimonio Nozze d&#039;Oro | Bomboniere Anniversario di Matrimonio Utili e Personalizzate";Bomboniere 25 Anni di Matrimonio Nozze d'Argento;"Bomboniere 25 Anni di Matrimonio Nozze d&#039;Argento";"Bomboniere e Confettate Anniversario > Bomboniere 25 Anni di Matrimonio Nozze d&#039;Argento";https://www.albalu.it/categoria-prodotto/bomboniere-e-confettate-anniversario/bomboniere-25-anni-matrimonio/;Bomboniere Anniversario di Matrimonio Utili e Personalizzate;evento singolo (Anniversario) -> categoria evento;
D;D - primaria corretta: nessuna modifica al prodotto, serve solo allineare il breadcrumb visibile;nessuna modifica al prodotto;https://www.albalu.it/prodotto/bomboniera-segnalibro-albero-della-vita-battesimo/;Segnalibro Battesimo Albero della Vita | Albalù;Bomboniere Battesimo Bimba | Bomboniere Battesimo Maschio | Bomboniere Battesimo Personalizzate;Bomboniere Battesimo Bimba;Bomboniere Battesimo Bimba;Bomboniere e Confettate Nascita e Battesimo > Bomboniere Battesimo Bimba;https://www.albalu.it/categoria-prodotto/bomboniere-e-confettate-nascita-battesimo/bomboniere-battesimo-bimba/;Bomboniere Battesimo Personalizzate;evento singolo (Battesimo) -> categoria evento;
D;D - primaria corretta: nessuna modifica al prodotto, serve solo allineare il breadcrumb visibile;nessuna modifica al prodotto;https://www.albalu.it/prodotto/bomboniera-segnalibro-albero-della-vita/;Bomboniera Segnalibro Albero della Vita | Albalù;Bomboniere Albero della Vita | Bomboniere Segnalibri Personalizzabili;Bomboniere per tema > Bomboniere Albero della Vita: Simbolo di amore e radici;Bomboniere Albero della Vita;Bomboniere per tema > Bomboniere Albero della Vita;https://www.albalu.it/categoria-prodotto/bomboniere-per-tema/bomboniere-albero-della-vita-simbolo-di-amore-e-radici/;Bomboniere per Tipologia: Portafoto, Profumatori, Orologi > Bomboniere Segnalibri Personalizzabili;nessun evento -> tema/tipologia/altro;
D;D - primaria corretta: nessuna modifica al prodotto, serve solo allineare il breadcrumb visibile;nessuna modifica al prodotto;https://www.albalu.it/prodotto/bomboniera-segnalibro-comunione-bambina/;Segnalibro Comunione Bambina Personalizzabile | Albalù;Bomboniere per Comunione da Bambina | Bomboniere Segnalibri Personalizzabili;Bomboniere e Confettate Prima Comunione Personalizzate > Bomboniere per Comunione da Bambina;Bomboniere per Comunione da Bambina;Bomboniere e Confettate Prima Comunione Personalizzate > Bomboniere per Comunione da Bambina;https://www.albalu.it/categoria-prodotto/bomboniere-comunione-e-confettate/bomboniere-comunione-bambina/;Bomboniere per Tipologia: Portafoto, Profumatori, Orologi > Bomboniere Segnalibri Personalizzabili;evento singolo (Comunione) -> categoria evento;
D;D - primaria corretta: nessuna modifica al prodotto, serve solo allineare il breadcrumb visibile;nessuna modifica al prodotto;https://www.albalu.it/prodotto/bomboniera-segnalibro-laurea-quadrifoglio/;Segnalibro Laurea Quadrifoglio Portafortuna | Albalù;Bomboniere Laurea | Bomboniere Segnalibri Personalizzabili;Bomboniere Laurea;Bomboniere Laurea;Bomboniere e Confettate Laurea > Bomboniere Laurea;https://www.albalu.it/categoria-prodotto/bomboniere-e-confettate-laurea/bomboniere-laurea/;Bomboniere per Tipologia: Portafoto, Profumatori, Orologi > Bomboniere Segnalibri Personalizzabili;evento singolo (Laurea) -> categoria evento;
D;D - primaria corretta: nessuna modifica al prodotto, serve solo allineare il breadcrumb visibile;nessuna modifica al prodotto;https://www.albalu.it/prodotto/bomboniera-segnalibro-mappamondo-anniversario/;Segnalibro Anniversario Mappamondo | Albalù;"Bomboniere 25 Anni di Matrimonio Nozze d&#039;Argento | Bomboniere 50 Anni di Matrimonio Nozze d&#039;Oro | Bomboniere Anniversario di Matrimonio Utili e Personalizzate";Bomboniere 25 Anni di Matrimonio Nozze d'Argento;"Bomboniere 25 Anni di Matrimonio Nozze d&#039;Argento";"Bomboniere e Confettate Anniversario > Bomboniere 25 Anni di Matrimonio Nozze d&#039;Argento";https://www.albalu.it/categoria-prodotto/bomboniere-e-confettate-anniversario/bomboniere-25-anni-matrimonio/;Bomboniere Anniversario di Matrimonio Utili e Personalizzate;evento singolo (Anniversario) -> categoria evento;
D;D - primaria corretta: nessuna modifica al prodotto, serve solo allineare il breadcrumb visibile;nessuna modifica al prodotto;https://www.albalu.it/prodotto/bomboniera-segnalibro-mappamondo-comunione/;Segnalibro Comunione Mappamondo | Albalù;Bomboniere per Comunione da Bambina | Bomboniere Comunione Maschio;Bomboniere e Confettate Prima Comunione Personalizzate > Bomboniere Comunione Maschio;Bomboniere Comunione Maschio;Bomboniere e Confettate Prima Comunione Personalizzate > Bomboniere Comunione Maschio;https://www.albalu.it/categoria-prodotto/bomboniere-comunione-e-confettate/bomboniere-comunione-bambino/;Bomboniere e Confettate Prima Comunione Personalizzate > Bomboniere per Comunione da Bambina;evento singolo (Comunione) -> categoria evento;
D;D - primaria corretta: nessuna modifica al prodotto, serve solo allineare il breadcrumb visibile;nessuna modifica al prodotto;https://www.albalu.it/prodotto/bomboniera-vangelo-comunione-in-ecopelle-con-piastrella-gres-porcellanato/;Bomboniera Vangelo Comunione con Piastrella Gres Porcellanato;Bomboniere e Confettate Prima Comunione Personalizzate | Bomboniere Religiose e Sacre;Bomboniere e Confettate Prima Comunione Personalizzate;Bomboniere e Confettate Prima Comunione Personalizzate;Bomboniere e Confettate Prima Comunione Personalizzate;https://www.albalu.it/categoria-prodotto/bomboniere-comunione-e-confettate/;Bomboniere per tema > Bomboniere Religiose e Sacre;evento singolo (Comunione) -> categoria evento;
D;D - primaria corretta: nessuna modifica al prodotto, serve solo allineare il breadcrumb visibile;nessuna modifica al prodotto;https://www.albalu.it/prodotto/bomboniere-cresima-albero-della-vita-orologio-personalizzabile/;Orologio Bomboniera Cresima Albero | Albalù;Bomboniere Cresima Personalizzate, Utili e Moderne | Bomboniere Albero della Vita;Bomboniere Cresima Personalizzate, Utili e Moderne;Bomboniere Cresima Personalizzate, Utili e Moderne;Bomboniere e Confettate Cresima > Bomboniere Cresima Personalizzate, Utili e Moderne;https://www.albalu.it/categoria-prodotto/bomboniere-e-confettate-cresima/bomboniere-cresima/;Bomboniere per tema > Bomboniere Albero della Vita: Simbolo di amore e radici;evento singolo (Cresima) -> categoria evento;
D;D - primaria corretta: nessuna modifica al prodotto, serve solo allineare il breadcrumb visibile;nessuna modifica al prodotto;https://www.albalu.it/prodotto/bomboniere-profumatore-resina-coppie-o-gemelli-elefanti-orsi-gufi-o-elfi-made-in-italy/;Bomboniera Profumatore Gemelli Coppia Animali | Albalù;Bomboniere e Confettate Prima Comunione Personalizzate | Bomboniere Anniversario di Matrimonio Utili e Personalizzate | Bomboniere Compleanno | Bomboniere Cresima Personalizzate, Utili e Moderne | Bomboniere Laurea | Bomboniere Matrimonio Eleganti, Utili e Originali | Bomboniere Battesimo Personalizzate;Bomboniere e Confettate Prima Comunione Personalizzate;Bomboniere e Confettate Prima Comunione Personalizzate;Bomboniere e Confettate Prima Comunione Personalizzate;https://www.albalu.it/categoria-prodotto/bomboniere-comunione-e-confettate/;Bomboniere Anniversario di Matrimonio Utili e Personalizzate;multievento (Anniversario, Battesimo, Compleanno, Comunione, Cresima, Laurea, Matrimonio) -> tema/tipologia;multievento senza categoria tema/tipologia assegnata: valutare di assegnarne una
D;D - primaria corretta: nessuna modifica al prodotto, serve solo allineare il breadcrumb visibile;nessuna modifica al prodotto;https://www.albalu.it/prodotto/bomboniere-utili-appendi-chiavi-con-piastrella-in-gres-porcellanato-albero-della-vita-e-unione-per-matrimonio/;Bomboniere Utili Appendi Chiavi con Piastrella in Gres vari decori;Bomboniere e Confettate Prima Comunione Personalizzate | Bomboniere Anniversario di Matrimonio Utili e Personalizzate | Bomboniere Matrimonio Eleganti, Utili e Originali;Bomboniere e Confettate Prima Comunione Personalizzate;Bomboniere e Confettate Prima Comunione Personalizzate;Bomboniere e Confettate Prima Comunione Personalizzate;https://www.albalu.it/categoria-prodotto/bomboniere-comunione-e-confettate/;Bomboniere Anniversario di Matrimonio Utili e Personalizzate;multievento (Anniversario, Comunione, Matrimonio) -> tema/tipologia;multievento senza categoria tema/tipologia assegnata: valutare di assegnarne una
D;D - primaria corretta: nessuna modifica al prodotto, serve solo allineare il breadcrumb visibile;nessuna modifica al prodotto;https://www.albalu.it/prodotto/carillon-bomboniera-battesimo-sacra-famiglia-moderna/;Carillon Bomboniera Battesimo Sacra Famiglia | Albalu;Bomboniere Battesimo Bimba | Bomboniere Battesimo Maschio | Bomboniere Battesimo Personalizzate;Bomboniere Battesimo Bimba;Bomboniere Battesimo Bimba;Bomboniere e Confettate Nascita e Battesimo > Bomboniere Battesimo Bimba;https://www.albalu.it/categoria-prodotto/bomboniere-e-confettate-nascita-battesimo/bomboniere-battesimo-bimba/;Bomboniere Battesimo Personalizzate;evento singolo (Battesimo) -> categoria evento;
D;D - primaria corretta: nessuna modifica al prodotto, serve solo allineare il breadcrumb visibile;nessuna modifica al prodotto;https://www.albalu.it/prodotto/carillon-bomboniera-comunione-sacro-albero-vita/;Carillon Bomboniera Comunione Sacro Albero Vita | Albalu;Bomboniere per Comunione da Bambina | Bomboniere Comunione Maschio;Bomboniere e Confettate Prima Comunione Personalizzate > Bomboniere Comunione Maschio;Bomboniere Comunione Maschio;Bomboniere e Confettate Prima Comunione Personalizzate > Bomboniere Comunione Maschio;https://www.albalu.it/categoria-prodotto/bomboniere-comunione-e-confettate/bomboniere-comunione-bambino/;Bomboniere e Confettate Prima Comunione Personalizzate > Bomboniere per Comunione da Bambina;evento singolo (Comunione) -> categoria evento;
D;D - primaria corretta: nessuna modifica al prodotto, serve solo allineare il breadcrumb visibile;nessuna modifica al prodotto;https://www.albalu.it/prodotto/carillon-bomboniera-sacro-albero-vita/;Carillon Bomboniera Sacro Albero Vita | Albalu;Bomboniere Albero della Vita | Bomboniere Religiose e Sacre;Bomboniere per tema > Bomboniere Religiose e Sacre;Bomboniere Religiose e Sacre;Bomboniere per tema > Bomboniere Religiose e Sacre;https://www.albalu.it/categoria-prodotto/bomboniere-per-tema/bomboniere-religiose-sacre/;Bomboniere per tema > Bomboniere Albero della Vita: Simbolo di amore e radici;nessun evento -> tema/tipologia/altro;
D;D - primaria corretta: nessuna modifica al prodotto, serve solo allineare il breadcrumb visibile;nessuna modifica al prodotto;https://www.albalu.it/prodotto/carillon-musicale-albero-della-vita-con-icona-cuore-calice-comunione/;Bomboniera Carillon Comunione con Albero della vita e Calice;Bomboniere e Confettate Prima Comunione Personalizzate | Bomboniere Religiose e Sacre;Bomboniere e Confettate Prima Comunione Personalizzate;Bomboniere e Confettate Prima Comunione Personalizzate;Bomboniere e Confettate Prima Comunione Personalizzate;https://www.albalu.it/categoria-prodotto/bomboniere-comunione-e-confettate/;Bomboniere per tema > Bomboniere Religiose e Sacre;evento singolo (Comunione) -> categoria evento;
D;D - primaria corretta: nessuna modifica al prodotto, serve solo allineare il breadcrumb visibile;nessuna modifica al prodotto;https://www.albalu.it/prodotto/cornice-portafoto-bianco-laccato-con-applicazioni-in-legno-bimbo-e-bimba-scatola-regalo-inclusa/;Cornice Portafoto Bianco Laccato con Applicazioni in Legno Bimbo e Bimba Scatola Regalo inclusa;Bomboniere Compleanno | Idee Regalo Originali e Artigianali;Bomboniere Compleanno;Bomboniere Compleanno;Bomboniere e Confettate Compleanno > Bomboniere Compleanno;https://www.albalu.it/categoria-prodotto/bomboniere-e-confettate-compleanno/bomboniere-compleanno-personalizzate/;Complementi d’arredo e idee regalo artigianali > Idee Regalo Originali e Artigianali;evento singolo (Compleanno) -> categoria evento;
D;D - primaria corretta: nessuna modifica al prodotto, serve solo allineare il breadcrumb visibile;nessuna modifica al prodotto;https://www.albalu.it/prodotto/cornice-portafoto-in-legno-naturale-color-bianco-con-applicazioni-in-resina-misto-gesso-a-forma-di-orsetto-e-fiorellini/;Cornice Portafoto Regalo Nascita legno Shabby e Orsacchiotto;Bomboniere Compleanno | Idee Regalo Originali e Artigianali;Bomboniere Compleanno;Bomboniere Compleanno;Bomboniere e Confettate Compleanno > Bomboniere Compleanno;https://www.albalu.it/categoria-prodotto/bomboniere-e-confettate-compleanno/bomboniere-compleanno-personalizzate/;Complementi d’arredo e idee regalo artigianali > Idee Regalo Originali e Artigianali;evento singolo (Compleanno) -> categoria evento;
D;D - primaria corretta: nessuna modifica al prodotto, serve solo allineare il breadcrumb visibile;nessuna modifica al prodotto;https://www.albalu.it/prodotto/cornice-portafoto-in-legno-naturale-color-grigio-con-applicazioni-in-resina-misto-gesso-a-forma-di-orsetto-e-fiorellini/;Cornice Portafoto in Legno Naturale Color Grigio con Applicazioni in Resina Misto Gesso a Forma di Orsetto e F;Bomboniere Compleanno | Idee Regalo Originali e Artigianali;Bomboniere Compleanno;Bomboniere Compleanno;Bomboniere e Confettate Compleanno > Bomboniere Compleanno;https://www.albalu.it/categoria-prodotto/bomboniere-e-confettate-compleanno/bomboniere-compleanno-personalizzate/;Complementi d’arredo e idee regalo artigianali > Idee Regalo Originali e Artigianali;evento singolo (Compleanno) -> categoria evento;
D;D - primaria corretta: nessuna modifica al prodotto, serve solo allineare il breadcrumb visibile;nessuna modifica al prodotto;https://www.albalu.it/prodotto/cornice-portafoto-in-legno-naturale-color-nocciola-con-applicazioni-in-resina-misto-gesso-a-forma-di-orsetto-e-fiorellini/;Cornice Portafoto Nocciola con Orsetto e Fiorellini | Albalù;Bomboniere Compleanno | Idee Regalo Originali e Artigianali;Bomboniere Compleanno;Bomboniere Compleanno;Bomboniere e Confettate Compleanno > Bomboniere Compleanno;https://www.albalu.it/categoria-prodotto/bomboniere-e-confettate-compleanno/bomboniere-compleanno-personalizzate/;Complementi d’arredo e idee regalo artigianali > Idee Regalo Originali e Artigianali;evento singolo (Compleanno) -> categoria evento;
D;D - primaria corretta: nessuna modifica al prodotto, serve solo allineare il breadcrumb visibile;nessuna modifica al prodotto;https://www.albalu.it/prodotto/cornice-portafoto-laccato-con-applicazioni-in-legno-orsetti-con-stellina/;Portafoto Regalo Nascita Laccato con Applicazioni in Legno OrsettI;Bomboniere Compleanno | Idee Regalo Originali e Artigianali;Bomboniere Compleanno;Bomboniere Compleanno;Bomboniere e Confettate Compleanno > Bomboniere Compleanno;https://www.albalu.it/categoria-prodotto/bomboniere-e-confettate-compleanno/bomboniere-compleanno-personalizzate/;Complementi d’arredo e idee regalo artigianali > Idee Regalo Originali e Artigianali;evento singolo (Compleanno) -> categoria evento;
D;D - primaria corretta: nessuna modifica al prodotto, serve solo allineare il breadcrumb visibile;nessuna modifica al prodotto;https://www.albalu.it/prodotto/icona-cuore-a-tema-cresima-mitra-vescovo-con-scritta-stampata-a-rilievo-su-legno-laccato/;Icona Cuore a Tema Cresima Mitra Vescovo con Scritta stampata a rilievo su Legno Laccato;Bomboniere Cresima Personalizzate, Utili e Moderne | Bomboniere Religiose e Sacre;Bomboniere Cresima Personalizzate, Utili e Moderne;Bomboniere Cresima Personalizzate, Utili e Moderne;Bomboniere e Confettate Cresima > Bomboniere Cresima Personalizzate, Utili e Moderne;https://www.albalu.it/categoria-prodotto/bomboniere-e-confettate-cresima/bomboniere-cresima/;Bomboniere per tema > Bomboniere Religiose e Sacre;evento singolo (Cresima) -> categoria evento;
D;D - primaria corretta: nessuna modifica al prodotto, serve solo allineare il breadcrumb visibile;nessuna modifica al prodotto;https://www.albalu.it/prodotto/icona-in-legno-con-piastrella-in-gres-decorata-a-tema-comunione-e-piedino-da-appoggio/;Bomboniera icona Comunione in gress Calice, Bimba e Bimbo;Bomboniere e Confettate Prima Comunione Personalizzate | Bomboniere Religiose e Sacre;Bomboniere e Confettate Prima Comunione Personalizzate;Bomboniere e Confettate Prima Comunione Personalizzate;Bomboniere e Confettate Prima Comunione Personalizzate;https://www.albalu.it/categoria-prodotto/bomboniere-comunione-e-confettate/;Bomboniere per tema > Bomboniere Religiose e Sacre;evento singolo (Comunione) -> categoria evento;
D;D - primaria corretta: nessuna modifica al prodotto, serve solo allineare il breadcrumb visibile;nessuna modifica al prodotto;https://www.albalu.it/prodotto/icona-in-legno-con-piastrella-in-gres-decorata-a-tema-cresima-e-piedino-da-appoggio/;Bomboniera Cresima Icona in Legno con gress e Cappello Vescovo;Bomboniere Cresima Personalizzate, Utili e Moderne | Bomboniere Religiose e Sacre;Bomboniere Cresima Personalizzate, Utili e Moderne;Bomboniere Cresima Personalizzate, Utili e Moderne;Bomboniere e Confettate Cresima > Bomboniere Cresima Personalizzate, Utili e Moderne;https://www.albalu.it/categoria-prodotto/bomboniere-e-confettate-cresima/bomboniere-cresima/;Bomboniere per tema > Bomboniere Religiose e Sacre;evento singolo (Cresima) -> categoria evento;
D;D - primaria corretta: nessuna modifica al prodotto, serve solo allineare il breadcrumb visibile;nessuna modifica al prodotto;https://www.albalu.it/prodotto/icona-maternita-albero-della-vita/;Icona Maternità Albero della Vita;Bomboniere Albero della Vita | Bomboniere Religiose e Sacre;Bomboniere per tema > Bomboniere Religiose e Sacre;Bomboniere Religiose e Sacre;Bomboniere per tema > Bomboniere Religiose e Sacre;https://www.albalu.it/categoria-prodotto/bomboniere-per-tema/bomboniere-religiose-sacre/;Bomboniere per tema > Bomboniere Albero della Vita: Simbolo di amore e radici;nessun evento -> tema/tipologia/altro;
D;D - primaria corretta: nessuna modifica al prodotto, serve solo allineare il breadcrumb visibile;nessuna modifica al prodotto;https://www.albalu.it/prodotto/magnete-bomboniera-18-anni/;Magnete Bomboniera 18 Anni Personalizzato | Albalù;Bomboniere Diciottesimo Ragazza Originali e Particolari | Bomboniere Diciottesimo Ragazzo Utili e Personalizzate | Bomboniere Compleanno | Compleanno Confettate Segnaposto;Bomboniere Compleanno;Bomboniere Compleanno;Bomboniere e Confettate Compleanno > Bomboniere Compleanno;https://www.albalu.it/categoria-prodotto/bomboniere-e-confettate-compleanno/bomboniere-compleanno-personalizzate/;Compleanno Confettate Segnaposto;evento singolo (Compleanno) -> categoria evento;
D;D - primaria corretta: nessuna modifica al prodotto, serve solo allineare il breadcrumb visibile;nessuna modifica al prodotto;https://www.albalu.it/prodotto/magnete-bomboniera-basket/;Magnete Bomboniera Basket Personalizzato | Albalù;Bomboniere Compleanno | Compleanno Confettate Segnaposto | Bomboniere Cresima Personalizzate, Utili e Moderne | Segnaposto e Confettata Cresima Personalizzati;Bomboniere Compleanno;Bomboniere Compleanno;Bomboniere e Confettate Compleanno > Bomboniere Compleanno;https://www.albalu.it/categoria-prodotto/bomboniere-e-confettate-compleanno/bomboniere-compleanno-personalizzate/;Compleanno Confettate Segnaposto;multievento (Compleanno, Cresima) -> tema/tipologia;multievento senza categoria tema/tipologia assegnata: valutare di assegnarne una
D;D - primaria corretta: nessuna modifica al prodotto, serve solo allineare il breadcrumb visibile;nessuna modifica al prodotto;https://www.albalu.it/prodotto/magnete-bomboniera-battesimo-bimba-farfalle/;Magnete Battesimo Bimba Farfalle | Albalù;Bomboniere Battesimo Bimba | Bomboniere Battesimo Personalizzate | Segnaposto e Confettate Battesimo | Bomboniere Farfalle;Bomboniere Battesimo Bimba;Bomboniere Battesimo Bimba;Bomboniere e Confettate Nascita e Battesimo > Bomboniere Battesimo Bimba;https://www.albalu.it/categoria-prodotto/bomboniere-e-confettate-nascita-battesimo/bomboniere-battesimo-bimba/;Bomboniere per tema > Bomboniere Farfalle;evento singolo (Battesimo) -> categoria evento;
D;D - primaria corretta: nessuna modifica al prodotto, serve solo allineare il breadcrumb visibile;nessuna modifica al prodotto;https://www.albalu.it/prodotto/magnete-bomboniera-battesimo-bimba-orsetto/;Magnete Battesimo Bimba Orsetto | Albalù;Bomboniere Battesimo Bimba | Bomboniere Battesimo Personalizzate | Segnaposto e Confettate Battesimo | Bomboniere tema animali per ogni occasione;Bomboniere Battesimo Bimba;Bomboniere Battesimo Bimba;Bomboniere e Confettate Nascita e Battesimo > Bomboniere Battesimo Bimba;https://www.albalu.it/categoria-prodotto/bomboniere-e-confettate-nascita-battesimo/bomboniere-battesimo-bimba/;Bomboniere per tema > Bomboniere tema animali per ogni occasione;evento singolo (Battesimo) -> categoria evento;
D;D - primaria corretta: nessuna modifica al prodotto, serve solo allineare il breadcrumb visibile;nessuna modifica al prodotto;https://www.albalu.it/prodotto/magnete-bomboniera-battesimo-bimbo-orsetto/;Magnete Battesimo Bimbo Orsetto | Albalù;Bomboniere Battesimo Maschio | Bomboniere Battesimo Personalizzate | Segnaposto e Confettate Battesimo | Bomboniere tema animali per ogni occasione;Bomboniere Battesimo Maschio;Bomboniere Battesimo Maschio;Bomboniere e Confettate Nascita e Battesimo > Bomboniere Battesimo Maschio;https://www.albalu.it/categoria-prodotto/bomboniere-e-confettate-nascita-battesimo/bomboniere-battesimo-maschio/;Bomboniere per tema > Bomboniere tema animali per ogni occasione;evento singolo (Battesimo) -> categoria evento;
D;D - primaria corretta: nessuna modifica al prodotto, serve solo allineare il breadcrumb visibile;nessuna modifica al prodotto;https://www.albalu.it/prodotto/magnete-bomboniera-comunione-bimba/;Magnete Comunione Bimba Personalizzato | Albalù;Bomboniere per Comunione da Bambina | Confettate e Segnaposto Comunione;Bomboniere e Confettate Prima Comunione Personalizzate > Bomboniere per Comunione da Bambina;Bomboniere per Comunione da Bambina;Bomboniere e Confettate Prima Comunione Personalizzate > Bomboniere per Comunione da Bambina;https://www.albalu.it/categoria-prodotto/bomboniere-comunione-e-confettate/bomboniere-comunione-bambina/;Bomboniere e Confettate Prima Comunione Personalizzate > Confettate e Segnaposto Comunione;evento singolo (Comunione) -> categoria evento;
D;D - primaria corretta: nessuna modifica al prodotto, serve solo allineare il breadcrumb visibile;nessuna modifica al prodotto;https://www.albalu.it/prodotto/magnete-bomboniera-comunione-bimbo/;Magnete Comunione Bimbo Personalizzato | Albalù;Bomboniere Comunione Maschio | Confettate e Segnaposto Comunione;Bomboniere e Confettate Prima Comunione Personalizzate > Bomboniere Comunione Maschio;Bomboniere Comunione Maschio;Bomboniere e Confettate Prima Comunione Personalizzate > Bomboniere Comunione Maschio;https://www.albalu.it/categoria-prodotto/bomboniere-comunione-e-confettate/bomboniere-comunione-bambino/;Bomboniere e Confettate Prima Comunione Personalizzate > Confettate e Segnaposto Comunione;evento singolo (Comunione) -> categoria evento;
D;D - primaria corretta: nessuna modifica al prodotto, serve solo allineare il breadcrumb visibile;nessuna modifica al prodotto;https://www.albalu.it/prodotto/magnete-bomboniera-cresima-ragazza/;Magnete Cresima Ragazza Personalizzato | Albalù;Bomboniere Cresima Ragazza e Femmina Personalizzate | Bomboniere Cresima Personalizzate, Utili e Moderne | Segnaposto e Confettata Cresima Personalizzati;Bomboniere Cresima Ragazza e Femmina Personalizzate;Bomboniere Cresima Ragazza e Femmina Personalizzate;Bomboniere e Confettate Cresima > Bomboniere Cresima Ragazza e Femmina Personalizzate;https://www.albalu.it/categoria-prodotto/bomboniere-e-confettate-cresima/bomboniere-cresima-ragazza/;Bomboniere Cresima Personalizzate, Utili e Moderne;evento singolo (Cresima) -> categoria evento;
D;D - primaria corretta: nessuna modifica al prodotto, serve solo allineare il breadcrumb visibile;nessuna modifica al prodotto;https://www.albalu.it/prodotto/magnete-bomboniera-cresima-ragazzo/;Magnete Cresima Ragazzo Personalizzato | Albalù;Bomboniere Cresima Ragazzo e Maschio Personalizzate | Bomboniere Cresima Personalizzate, Utili e Moderne | Segnaposto e Confettata Cresima Personalizzati;Bomboniere Cresima Ragazzo e Maschio Personalizzate;Bomboniere Cresima Ragazzo e Maschio Personalizzate;Bomboniere e Confettate Cresima > Bomboniere Cresima Ragazzo e Maschio Personalizzate;https://www.albalu.it/categoria-prodotto/bomboniere-e-confettate-cresima/bomboniere-cresima-ragazzo/;Bomboniere Cresima Personalizzate, Utili e Moderne;evento singolo (Cresima) -> categoria evento;
D;D - primaria corretta: nessuna modifica al prodotto, serve solo allineare il breadcrumb visibile;nessuna modifica al prodotto;https://www.albalu.it/prodotto/magnete-bomboniera-piccolo-principe/;Magnete Bomboniera Piccolo Principe Personalizzato | Albalù;Bomboniere Compleanno | Compleanno Confettate Segnaposto | Bomboniere Battesimo Maschio | Bomboniere Battesimo Personalizzate | Segnaposto e Confettate Battesimo;Bomboniere Compleanno;Bomboniere Compleanno;Bomboniere e Confettate Compleanno > Bomboniere Compleanno;https://www.albalu.it/categoria-prodotto/bomboniere-e-confettate-compleanno/bomboniere-compleanno-personalizzate/;Compleanno Confettate Segnaposto;multievento (Battesimo, Compleanno) -> tema/tipologia;multievento senza categoria tema/tipologia assegnata: valutare di assegnarne una
D;D - primaria corretta: nessuna modifica al prodotto, serve solo allineare il breadcrumb visibile;nessuna modifica al prodotto;https://www.albalu.it/prodotto/magnete-bomboniera-primo-compleanno-farfalle/;Magnete Primo Compleanno Farfalle | Albalù;Bomboniere Compleanno | Compleanno Confettate Segnaposto | Bomboniere Farfalle;Bomboniere Compleanno;Bomboniere Compleanno;Bomboniere e Confettate Compleanno > Bomboniere Compleanno;https://www.albalu.it/categoria-prodotto/bomboniere-e-confettate-compleanno/bomboniere-compleanno-personalizzate/;Bomboniere per tema > Bomboniere Farfalle;evento singolo (Compleanno) -> categoria evento;
D;D - primaria corretta: nessuna modifica al prodotto, serve solo allineare il breadcrumb visibile;nessuna modifica al prodotto;https://www.albalu.it/prodotto/magnete-bomboniera-primo-compleanno-orsetto-femminuccia/;Magnete Primo Compleanno Orsetto Bambina | Albalù;Bomboniere Compleanno | Compleanno Confettate Segnaposto | Bomboniere tema animali per ogni occasione;Bomboniere Compleanno;Bomboniere Compleanno;Bomboniere e Confettate Compleanno > Bomboniere Compleanno;https://www.albalu.it/categoria-prodotto/bomboniere-e-confettate-compleanno/bomboniere-compleanno-personalizzate/;Bomboniere per tema > Bomboniere tema animali per ogni occasione;evento singolo (Compleanno) -> categoria evento;
D;D - primaria corretta: nessuna modifica al prodotto, serve solo allineare il breadcrumb visibile;nessuna modifica al prodotto;https://www.albalu.it/prodotto/magnete-bomboniera-primo-compleanno-orsetto/;Magnete Primo Compleanno Orsetto | Albalù;Bomboniere Compleanno | Compleanno Confettate Segnaposto | Bomboniere tema animali per ogni occasione;Bomboniere Compleanno;Bomboniere Compleanno;Bomboniere e Confettate Compleanno > Bomboniere Compleanno;https://www.albalu.it/categoria-prodotto/bomboniere-e-confettate-compleanno/bomboniere-compleanno-personalizzate/;Bomboniere per tema > Bomboniere tema animali per ogni occasione;evento singolo (Compleanno) -> categoria evento;
D;D - primaria corretta: nessuna modifica al prodotto, serve solo allineare il breadcrumb visibile;nessuna modifica al prodotto;https://www.albalu.it/prodotto/magnete-bomboniera-primo-compleanno-safari/;Magnete Primo Compleanno Safari | Albalù;Bomboniere Compleanno | Compleanno Confettate Segnaposto | Bomboniere tema animali per ogni occasione;Bomboniere Compleanno;Bomboniere Compleanno;Bomboniere e Confettate Compleanno > Bomboniere Compleanno;https://www.albalu.it/categoria-prodotto/bomboniere-e-confettate-compleanno/bomboniere-compleanno-personalizzate/;Bomboniere per tema > Bomboniere tema animali per ogni occasione;evento singolo (Compleanno) -> categoria evento;
D;D - primaria corretta: nessuna modifica al prodotto, serve solo allineare il breadcrumb visibile;nessuna modifica al prodotto;https://www.albalu.it/prodotto/magnete-bomboniera-safari-battesimo-primo-compleanno/;Magnete Battesimo Safari Personalizzato | Albalù;Bomboniere Battesimo Maschio | Bomboniere Battesimo Personalizzate | Segnaposto e Confettate Battesimo | Bomboniere tema animali per ogni occasione;Bomboniere Battesimo Maschio;Bomboniere Battesimo Maschio;Bomboniere e Confettate Nascita e Battesimo > Bomboniere Battesimo Maschio;https://www.albalu.it/categoria-prodotto/bomboniere-e-confettate-nascita-battesimo/bomboniere-battesimo-maschio/;Bomboniere per tema > Bomboniere tema animali per ogni occasione;evento singolo (Battesimo) -> categoria evento;
D;D - primaria corretta: nessuna modifica al prodotto, serve solo allineare il breadcrumb visibile;nessuna modifica al prodotto;https://www.albalu.it/prodotto/magnete-bomboniera-tennis/;Magnete Bomboniera Tennis Personalizzato | Albalù;Bomboniere Comunione Maschio | Confettate e Segnaposto Comunione | Bomboniere Compleanno | Compleanno Confettate Segnaposto | Bomboniere Cresima Ragazzo e Maschio Personalizzate | Bomboniere Cresima Personalizzate, Utili e Moderne | Segnaposto e Confettata Cresima Personalizzati;Bomboniere Compleanno;Bomboniere Compleanno;Bomboniere e Confettate Compleanno > Bomboniere Compleanno;https://www.albalu.it/categoria-prodotto/bomboniere-e-confettate-compleanno/bomboniere-compleanno-personalizzate/;Compleanno Confettate Segnaposto;multievento (Compleanno, Comunione, Cresima) -> tema/tipologia;multievento senza categoria tema/tipologia assegnata: valutare di assegnarne una
D;D - primaria corretta: nessuna modifica al prodotto, serve solo allineare il breadcrumb visibile;nessuna modifica al prodotto;https://www.albalu.it/prodotto/magnete-bomboniera-viaggio/;Magnete Bomboniera Viaggio Personalizzato | Albalù;Confettate e Segnaposto Comunione | Anniversario di Matrimonio: Confettate e Segnaposto | Bomboniere Anniversario di Matrimonio Utili e Personalizzate | Bomboniere Compleanno | Compleanno Confettate Segnaposto | Bomboniere Cresima Personalizzate, Utili e Moderne | Segnaposto e Confettata Cresima Personalizzati | Bomboniere Laurea | Confettate Segnaposto per Laurea | Bomboniere Matrimonio Eleganti, Utili e Originali | Segnaposto e Confettata Matrimonio Personalizzati;Bomboniere Compleanno;Bomboniere Compleanno;Bomboniere e Confettate Compleanno > Bomboniere Compleanno;https://www.albalu.it/categoria-prodotto/bomboniere-e-confettate-compleanno/bomboniere-compleanno-personalizzate/;Bomboniere Anniversario di Matrimonio Utili e Personalizzate;multievento (Anniversario, Compleanno, Comunione, Cresima, Laurea, Matrimonio) -> tema/tipologia;multievento senza categoria tema/tipologia assegnata: valutare di assegnarne una
D;D - primaria corretta: nessuna modifica al prodotto, serve solo allineare il breadcrumb visibile;nessuna modifica al prodotto;https://www.albalu.it/prodotto/orologio-bomboniera-comunione-albero-della-vita/;Orologio Bomboniera Comunione Albero Vita | Albalù;Bomboniere per Comunione da Bambina | Bomboniere Comunione Maschio;Bomboniere e Confettate Prima Comunione Personalizzate > Bomboniere Comunione Maschio;Bomboniere Comunione Maschio;Bomboniere e Confettate Prima Comunione Personalizzate > Bomboniere Comunione Maschio;https://www.albalu.it/categoria-prodotto/bomboniere-comunione-e-confettate/bomboniere-comunione-bambino/;Bomboniere e Confettate Prima Comunione Personalizzate > Bomboniere per Comunione da Bambina;evento singolo (Comunione) -> categoria evento;
D;D - primaria corretta: nessuna modifica al prodotto, serve solo allineare il breadcrumb visibile;nessuna modifica al prodotto;https://www.albalu.it/prodotto/orologio-bomboniera-comunione-fiori/;Orologio Bomboniera Comunione Fiori | Albalù;Bomboniere per Comunione da Bambina | Bomboniere Comunione Maschio;Bomboniere e Confettate Prima Comunione Personalizzate > Bomboniere Comunione Maschio;Bomboniere Comunione Maschio;Bomboniere e Confettate Prima Comunione Personalizzate > Bomboniere Comunione Maschio;https://www.albalu.it/categoria-prodotto/bomboniere-comunione-e-confettate/bomboniere-comunione-bambino/;Bomboniere e Confettate Prima Comunione Personalizzate > Bomboniere per Comunione da Bambina;evento singolo (Comunione) -> categoria evento;
D;D - primaria corretta: nessuna modifica al prodotto, serve solo allineare il breadcrumb visibile;nessuna modifica al prodotto;https://www.albalu.it/prodotto/orologio-bomboniera-comunione-mappamondo/;Orologio Bomboniera Comunione Mappamondo | Albalù;Bomboniere per Comunione da Bambina | Bomboniere Comunione Maschio;Bomboniere e Confettate Prima Comunione Personalizzate > Bomboniere Comunione Maschio;Bomboniere Comunione Maschio;Bomboniere e Confettate Prima Comunione Personalizzate > Bomboniere Comunione Maschio;https://www.albalu.it/categoria-prodotto/bomboniere-comunione-e-confettate/bomboniere-comunione-bambino/;Bomboniere e Confettate Prima Comunione Personalizzate > Bomboniere per Comunione da Bambina;evento singolo (Comunione) -> categoria evento;
D;D - primaria corretta: nessuna modifica al prodotto, serve solo allineare il breadcrumb visibile;nessuna modifica al prodotto;https://www.albalu.it/prodotto/orologio-in-legno-colorato-a-forma-di-orsacchiotto-celeste-rosa-e-panna/;Orologio in Legno Colorato a Forma di Orsacchiotto Celeste Rosa e Panna;Bomboniere Compleanno | Bomboniere Battesimo Personalizzate;Bomboniere Battesimo Personalizzate;Bomboniere Battesimo Personalizzate;Bomboniere e Confettate Nascita e Battesimo > Bomboniere Battesimo Personalizzate;https://www.albalu.it/categoria-prodotto/bomboniere-e-confettate-nascita-battesimo/bomboniere-nascita-e-battesimo/;Bomboniere Compleanno;multievento (Battesimo, Compleanno) -> tema/tipologia;multievento senza categoria tema/tipologia assegnata: valutare di assegnarne una
D;D - primaria corretta: nessuna modifica al prodotto, serve solo allineare il breadcrumb visibile;nessuna modifica al prodotto;https://www.albalu.it/prodotto/orologio-in-legno-verniciato-a-forma-di-elefantino-rosa-o-celeste/;Bomboniera Elefante Nascita e Battesimo Orologio;Bomboniere Compleanno | Bomboniere Battesimo Personalizzate;Bomboniere Battesimo Personalizzate;Bomboniere Battesimo Personalizzate;Bomboniere e Confettate Nascita e Battesimo > Bomboniere Battesimo Personalizzate;https://www.albalu.it/categoria-prodotto/bomboniere-e-confettate-nascita-battesimo/bomboniere-nascita-e-battesimo/;Bomboniere Compleanno;multievento (Battesimo, Compleanno) -> tema/tipologia;multievento senza categoria tema/tipologia assegnata: valutare di assegnarne una
D;D - primaria corretta: nessuna modifica al prodotto, serve solo allineare il breadcrumb visibile;nessuna modifica al prodotto;https://www.albalu.it/prodotto/orologio-in-legno-verniciato-a-forma-di-leone-rosa-o-celeste/;Orologio in Legno Verniciato a Forma di Leone Rosa o Celeste;Bomboniere Compleanno | Bomboniere Battesimo Personalizzate;Bomboniere Battesimo Personalizzate;Bomboniere Battesimo Personalizzate;Bomboniere e Confettate Nascita e Battesimo > Bomboniere Battesimo Personalizzate;https://www.albalu.it/categoria-prodotto/bomboniere-e-confettate-nascita-battesimo/bomboniere-nascita-e-battesimo/;Bomboniere Compleanno;multievento (Battesimo, Compleanno) -> tema/tipologia;multievento senza categoria tema/tipologia assegnata: valutare di assegnarne una
D;D - primaria corretta: nessuna modifica al prodotto, serve solo allineare il breadcrumb visibile;nessuna modifica al prodotto;https://www.albalu.it/prodotto/porta-sacchetto-mappamondo-in-legno-con-applicazioni-comunione-e-cresima-sacchetto-incluso/;Porta Sacchetto Mappamondo Comunione e Cresima;Confettate e Segnaposto Comunione | Segnaposto e Confettata Cresima Personalizzati;Bomboniere e Confettate Prima Comunione Personalizzate > Confettate e Segnaposto Comunione;Confettate e Segnaposto Comunione;Bomboniere e Confettate Prima Comunione Personalizzate > Confettate e Segnaposto Comunione;https://www.albalu.it/categoria-prodotto/bomboniere-comunione-e-confettate/comunione-confettate-segnaposto/;Segnaposto e Confettata Cresima Personalizzati;multievento (Comunione, Cresima) -> tema/tipologia;multievento senza categoria tema/tipologia assegnata: valutare di assegnarne una
D;D - primaria corretta: nessuna modifica al prodotto, serve solo allineare il breadcrumb visibile;nessuna modifica al prodotto;https://www.albalu.it/prodotto/portafoto-orizzontale-legno-laccato-e-applicazioni-in-legno-in-rilievo/;Portafoto Orizzontale Legno con Skyline | Albalù;Bomboniere e Confettate Prima Comunione Personalizzate | Bomboniere Anniversario di Matrimonio Utili e Personalizzate | Bomboniere Compleanno | Bomboniere Cresima Personalizzate, Utili e Moderne | Bomboniere Laurea | Bomboniere Matrimonio Eleganti, Utili e Originali | Idee Regalo Originali e Artigianali;Bomboniere e Confettate Prima Comunione Personalizzate;Bomboniere e Confettate Prima Comunione Personalizzate;Bomboniere e Confettate Prima Comunione Personalizzate;https://www.albalu.it/categoria-prodotto/bomboniere-comunione-e-confettate/;Complementi d’arredo e idee regalo artigianali > Idee Regalo Originali e Artigianali;multievento (Anniversario, Compleanno, Comunione, Cresima, Laurea, Matrimonio) -> tema/tipologia;multievento senza categoria tema/tipologia assegnata: valutare di assegnarne una
D;D - primaria corretta: nessuna modifica al prodotto, serve solo allineare il breadcrumb visibile;nessuna modifica al prodotto;https://www.albalu.it/prodotto/portasacchetto-albero-della-vita-in-legno-con-applicazioni-comunione-e-cresima-sacchetto-incluso/;Portasacchetto Albero della Vita in Legno Comunione e Cresima;Confettate e Segnaposto Comunione | Segnaposto e Confettata Cresima Personalizzati;Bomboniere e Confettate Prima Comunione Personalizzate > Confettate e Segnaposto Comunione;Confettate e Segnaposto Comunione;Bomboniere e Confettate Prima Comunione Personalizzate > Confettate e Segnaposto Comunione;https://www.albalu.it/categoria-prodotto/bomboniere-comunione-e-confettate/comunione-confettate-segnaposto/;Segnaposto e Confettata Cresima Personalizzati;multievento (Comunione, Cresima) -> tema/tipologia;multievento senza categoria tema/tipologia assegnata: valutare di assegnarne una
D;D - primaria corretta: nessuna modifica al prodotto, serve solo allineare il breadcrumb visibile;nessuna modifica al prodotto;https://www.albalu.it/prodotto/profumatore-bomboniere-cuore-matrimonio-in-vetro-con-rete-decorata-e-applicazione-in-gesso/;Profumatore Cuore Matrimonio in Vetro | Albalù;Bomboniere e Confettate Prima Comunione Personalizzate | Bomboniere Anniversario di Matrimonio Utili e Personalizzate | Bomboniere Diciottesimo Ragazza Originali e Particolari | Bomboniere Compleanno | Bomboniere Cresima Personalizzate, Utili e Moderne | Bomboniere Laurea | Bomboniere Matrimonio Eleganti, Utili e Originali | Bomboniere Battesimo Personalizzate;Bomboniere e Confettate Prima Comunione Personalizzate;Bomboniere e Confettate Prima Comunione Personalizzate;Bomboniere e Confettate Prima Comunione Personalizzate;https://www.albalu.it/categoria-prodotto/bomboniere-comunione-e-confettate/;Bomboniere Anniversario di Matrimonio Utili e Personalizzate;multievento (Anniversario, Battesimo, Compleanno, Comunione, Cresima, Laurea, Matrimonio) -> tema/tipologia;multievento senza categoria tema/tipologia assegnata: valutare di assegnarne una
D;D - primaria corretta: nessuna modifica al prodotto, serve solo allineare il breadcrumb visibile;nessuna modifica al prodotto;https://www.albalu.it/prodotto/profumatore-brucia-essenze-per-ambienti-in-ceramica-a-forma-di-ninfea-colore-panna-e-bianca-con-candela-tea-light/;Profumatore Brucia Essenze Ninfea in Ceramica | Albalù;Bomboniere Compleanno | Idee Regalo Originali e Artigianali;Bomboniere Compleanno;Bomboniere Compleanno;Bomboniere e Confettate Compleanno > Bomboniere Compleanno;https://www.albalu.it/categoria-prodotto/bomboniere-e-confettate-compleanno/bomboniere-compleanno-personalizzate/;Complementi d’arredo e idee regalo artigianali > Idee Regalo Originali e Artigianali;evento singolo (Compleanno) -> categoria evento;
D;D - primaria corretta: nessuna modifica al prodotto, serve solo allineare il breadcrumb visibile;nessuna modifica al prodotto;https://www.albalu.it/prodotto/sacchetto-confettata-albero-della-vita/;Sacchetto Confettata Albero della Vita | Albalù;Confettate e Segnaposto Comunione | Anniversario di Matrimonio: Confettate e Segnaposto | Compleanno Confettate Segnaposto | Segnaposto e Confettata Cresima Personalizzati | Confettate Segnaposto per Laurea | Segnaposto e Confettata Matrimonio Personalizzati | Segnaposto e Confettate Battesimo;Segnaposto e Confettate Battesimo;Segnaposto e Confettate Battesimo;Bomboniere e Confettate Nascita e Battesimo > Segnaposto e Confettate Battesimo;https://www.albalu.it/categoria-prodotto/bomboniere-e-confettate-nascita-battesimo/nascita-battesimo-confettate-segnaposto/;Anniversario di Matrimonio: Confettate e Segnaposto;multievento (Anniversario, Battesimo, Compleanno, Comunione, Cresima, Laurea, Matrimonio) -> tema/tipologia;multievento senza categoria tema/tipologia assegnata: valutare di assegnarne una
D;D - primaria corretta: nessuna modifica al prodotto, serve solo allineare il breadcrumb visibile;nessuna modifica al prodotto;https://www.albalu.it/prodotto/sacchetto-confettata-ballerina/;Sacchetto Confettata Ballerina | Albalù;Confettate e Segnaposto Comunione | Compleanno Confettate Segnaposto | Segnaposto e Confettata Cresima Personalizzati;Bomboniere e Confettate Prima Comunione Personalizzate > Confettate e Segnaposto Comunione;Confettate e Segnaposto Comunione;Bomboniere e Confettate Prima Comunione Personalizzate > Confettate e Segnaposto Comunione;https://www.albalu.it/categoria-prodotto/bomboniere-comunione-e-confettate/comunione-confettate-segnaposto/;Compleanno Confettate Segnaposto;multievento (Compleanno, Comunione, Cresima) -> tema/tipologia;multievento senza categoria tema/tipologia assegnata: valutare di assegnarne una
D;D - primaria corretta: nessuna modifica al prodotto, serve solo allineare il breadcrumb visibile;nessuna modifica al prodotto;https://www.albalu.it/prodotto/sacchetto-confettata-basket/;Sacchetto Confettata Basket | Albalù;Confettate e Segnaposto Comunione | Segnaposto e Confettata Cresima Personalizzati;Bomboniere e Confettate Prima Comunione Personalizzate > Confettate e Segnaposto Comunione;Confettate e Segnaposto Comunione;Bomboniere e Confettate Prima Comunione Personalizzate > Confettate e Segnaposto Comunione;https://www.albalu.it/categoria-prodotto/bomboniere-comunione-e-confettate/comunione-confettate-segnaposto/;Segnaposto e Confettata Cresima Personalizzati;multievento (Comunione, Cresima) -> tema/tipologia;multievento senza categoria tema/tipologia assegnata: valutare di assegnarne una
D;D - primaria corretta: nessuna modifica al prodotto, serve solo allineare il breadcrumb visibile;nessuna modifica al prodotto;https://www.albalu.it/prodotto/sacchetto-confettata-calcio/;Sacchetto Confettata Calcio | Albalù;Confettate e Segnaposto Comunione | Compleanno Confettate Segnaposto | Segnaposto e Confettata Cresima Personalizzati;Bomboniere e Confettate Prima Comunione Personalizzate > Confettate e Segnaposto Comunione;Confettate e Segnaposto Comunione;Bomboniere e Confettate Prima Comunione Personalizzate > Confettate e Segnaposto Comunione;https://www.albalu.it/categoria-prodotto/bomboniere-comunione-e-confettate/comunione-confettate-segnaposto/;Compleanno Confettate Segnaposto;multievento (Compleanno, Comunione, Cresima) -> tema/tipologia;multievento senza categoria tema/tipologia assegnata: valutare di assegnarne una
D;D - primaria corretta: nessuna modifica al prodotto, serve solo allineare il breadcrumb visibile;nessuna modifica al prodotto;https://www.albalu.it/prodotto/sacchetto-confettata-matrimonio/;Sacchetto Confettata Matrimonio | Albalù;Anniversario di Matrimonio: Confettate e Segnaposto | Segnaposto e Confettata Matrimonio Personalizzati;Segnaposto e Confettata Matrimonio Personalizzati;Segnaposto e Confettata Matrimonio Personalizzati;Bomboniere e Confettate Matrimonio > Segnaposto e Confettata Matrimonio Personalizzati;https://www.albalu.it/categoria-prodotto/bomboniere-e-confettate-matrimonio/matrimonio-confettate-segnaposto/;Anniversario di Matrimonio: Confettate e Segnaposto;multievento (Anniversario, Matrimonio) -> tema/tipologia;multievento senza categoria tema/tipologia assegnata: valutare di assegnarne una
D;D - primaria corretta: nessuna modifica al prodotto, serve solo allineare il breadcrumb visibile;nessuna modifica al prodotto;https://www.albalu.it/prodotto/sacchetto-confettata-piccolo-principe/;Sacchetto Confettata Piccolo Principe | Albalù;Compleanno Confettate Segnaposto | Segnaposto e Confettate Battesimo;Segnaposto e Confettate Battesimo;Segnaposto e Confettate Battesimo;Bomboniere e Confettate Nascita e Battesimo > Segnaposto e Confettate Battesimo;https://www.albalu.it/categoria-prodotto/bomboniere-e-confettate-nascita-battesimo/nascita-battesimo-confettate-segnaposto/;Compleanno Confettate Segnaposto;multievento (Battesimo, Compleanno) -> tema/tipologia;multievento senza categoria tema/tipologia assegnata: valutare di assegnarne una
D;D - primaria corretta: nessuna modifica al prodotto, serve solo allineare il breadcrumb visibile;nessuna modifica al prodotto;https://www.albalu.it/prodotto/sacchetto-confettata-primo-compleanno-farfalle/;Sacchetto Confettata Primo Compleanno Farfalle | Albalù;Compleanno Confettate Segnaposto | Bomboniere Farfalle;Compleanno Confettate Segnaposto;Compleanno Confettate Segnaposto;Bomboniere e Confettate Compleanno > Compleanno Confettate Segnaposto;https://www.albalu.it/categoria-prodotto/bomboniere-e-confettate-compleanno/compleanno-confettate-segnaposto/;Bomboniere per tema > Bomboniere Farfalle;evento singolo (Compleanno) -> categoria evento;
D;D - primaria corretta: nessuna modifica al prodotto, serve solo allineare il breadcrumb visibile;nessuna modifica al prodotto;https://www.albalu.it/prodotto/sacchetto-confettata-tema-mare/;Sacchetto Confettata Tema Mare | Albalù;Confettate e Segnaposto Comunione | Anniversario di Matrimonio: Confettate e Segnaposto | Compleanno Confettate Segnaposto | Segnaposto e Confettata Cresima Personalizzati | Confettate Segnaposto per Laurea | Segnaposto e Confettata Matrimonio Personalizzati;Bomboniere e Confettate Prima Comunione Personalizzate > Confettate e Segnaposto Comunione;Confettate e Segnaposto Comunione;Bomboniere e Confettate Prima Comunione Personalizzate > Confettate e Segnaposto Comunione;https://www.albalu.it/categoria-prodotto/bomboniere-comunione-e-confettate/comunione-confettate-segnaposto/;Anniversario di Matrimonio: Confettate e Segnaposto;multievento (Anniversario, Compleanno, Comunione, Cresima, Laurea, Matrimonio) -> tema/tipologia;multievento senza categoria tema/tipologia assegnata: valutare di assegnarne una
D;D - primaria corretta: nessuna modifica al prodotto, serve solo allineare il breadcrumb visibile;nessuna modifica al prodotto;https://www.albalu.it/prodotto/sacchetto-confettata-tema-viaggio/;Sacchetto Confettata Tema Viaggio | Albalù;Confettate e Segnaposto Comunione | Anniversario di Matrimonio: Confettate e Segnaposto | Segnaposto e Confettata Cresima Personalizzati | Confettate Segnaposto per Laurea | Segnaposto e Confettata Matrimonio Personalizzati;Bomboniere e Confettate Prima Comunione Personalizzate > Confettate e Segnaposto Comunione;Confettate e Segnaposto Comunione;Bomboniere e Confettate Prima Comunione Personalizzate > Confettate e Segnaposto Comunione;https://www.albalu.it/categoria-prodotto/bomboniere-comunione-e-confettate/comunione-confettate-segnaposto/;Anniversario di Matrimonio: Confettate e Segnaposto;multievento (Anniversario, Comunione, Cresima, Laurea, Matrimonio) -> tema/tipologia;multievento senza categoria tema/tipologia assegnata: valutare di assegnarne una
D;D - primaria corretta: nessuna modifica al prodotto, serve solo allineare il breadcrumb visibile;nessuna modifica al prodotto;https://www.albalu.it/prodotto/segnalibro-regalo-personalizzabile-con-immagine-testo-e-tag-spotify-scannerizzabile/;Segnalibro Regalo Personalizzabile Con Foto e Tag Spotify;Bomboniere e Confettate Prima Comunione Personalizzate | Bomboniere Anniversario di Matrimonio Utili e Personalizzate | Bomboniere Compleanno | Bomboniere Cresima Personalizzate, Utili e Moderne | Bomboniere Laurea | Bomboniere Matrimonio Eleganti, Utili e Originali | Bomboniere Battesimo Personalizzate | Idee Regalo Originali e Artigianali;Bomboniere Anniversario di Matrimonio Utili e Personalizzate;Bomboniere Anniversario di Matrimonio Utili e Personalizzate;Bomboniere e Confettate Anniversario > Bomboniere Anniversario di Matrimonio Utili e Personalizzate;https://www.albalu.it/categoria-prodotto/bomboniere-e-confettate-anniversario/bomboniere-anniversario-matrimonio/;Complementi d’arredo e idee regalo artigianali > Idee Regalo Originali e Artigianali;multievento (Anniversario, Battesimo, Compleanno, Comunione, Cresima, Laurea, Matrimonio) -> tema/tipologia;multievento senza categoria tema/tipologia assegnata: valutare di assegnarne una
D;D - primaria corretta: nessuna modifica al prodotto, serve solo allineare il breadcrumb visibile;nessuna modifica al prodotto;https://www.albalu.it/prodotto/statuetta-lanterna-a-tema-coppia-in-porcellana-con-led-interno-su-base-in-legno-laccato-a-forma-di-albero-della-vita/;Statuetta Lanterna Coppia in Porcellana con LED | Albalù;Bomboniere Anniversario di Matrimonio Utili e Personalizzate | Bomboniere Matrimonio Eleganti, Utili e Originali | Idee Regalo Originali e Artigianali;Bomboniere Anniversario di Matrimonio Utili e Personalizzate;Bomboniere Anniversario di Matrimonio Utili e Personalizzate;Bomboniere e Confettate Anniversario > Bomboniere Anniversario di Matrimonio Utili e Personalizzate;https://www.albalu.it/categoria-prodotto/bomboniere-e-confettate-anniversario/bomboniere-anniversario-matrimonio/;Complementi d’arredo e idee regalo artigianali > Idee Regalo Originali e Artigianali;multievento (Anniversario, Matrimonio) -> tema/tipologia;multievento senza categoria tema/tipologia assegnata: valutare di assegnarne una
